{"sources":[{"type":"minecraft:paletted_permutations","palette_key":"trims/color_palettes/trim_palette","permutations":{"quartz":"trims/color_palettes/quartz","iron":"trims/color_palettes/iron","gold":"trims/color_palettes/gold","diamond":"trims/color_palettes/diamond","netherite":"trims/color_palettes/netherite","redstone":"trims/color_palettes/redstone","copper":"trims/color_palettes/copper","emerald":"trims/color_palettes/emerald","lapis":"trims/color_palettes/lapis","amethyst":"trims/color_palettes/amethyst"},"textures":["minecraft:trims/models/armor/chainmail","minecraft:trims/models/armor/chainmail_leggings"]}]}