{"sources":[{"type":"single","resource":"minecraft:vegastables/tictactoe","sprite":"minecraft:vegastables/tictactoe"},{"type":"single","resource":"minecraft:vegastables/stairs_anim","sprite":"minecraft:vegastables/stairs_anim"},{"type":"single","resource":"minecraft:vegastables/stairs","sprite":"minecraft:vegastables/stairs"},{"type":"single","resource":"minecraft:vegastables/roulette","sprite":"minecraft:vegastables/roulette"},{"type":"single","resource":"minecraft:vegastables/rockpaperscissors_anim","sprite":"minecraft:vegastables/rockpaperscissors_anim"},{"type":"single","resource":"minecraft:vegastables/rockpaperscissors","sprite":"minecraft:vegastables/rockpaperscissors"},{"type":"single","resource":"minecraft:vegastables/races","sprite":"minecraft:vegastables/races"},{"type":"single","resource":"minecraft:vegastables/pyramid_anim","sprite":"minecraft:vegastables/pyramid_anim"},{"type":"single","resource":"minecraft:vegastables/pyramid","sprite":"minecraft:vegastables/pyramid"},{"type":"single","resource":"minecraft:vegastables/poker","sprite":"minecraft:vegastables/poker"},{"type":"single","resource":"minecraft:vegastables/minesweeper_anim","sprite":"minecraft:vegastables/minesweeper_anim"},{"type":"single","resource":"minecraft:vegastables/minesweeper","sprite":"minecraft:vegastables/minesweeper"},{"type":"single","resource":"minecraft:vegastables/lottery","sprite":"minecraft:vegastables/lottery"},{"type":"single","resource":"minecraft:vegastables/drums_texture","sprite":"minecraft:vegastables/drums_texture"},{"type":"single","resource":"minecraft:vegastables/drums","sprite":"minecraft:vegastables/drums"},{"type":"single","resource":"minecraft:vegastables/dice","sprite":"minecraft:vegastables/dice"},{"type":"single","resource":"minecraft:vegastables/deadmanschest_anim","sprite":"minecraft:vegastables/deadmanschest_anim"},{"type":"single","resource":"minecraft:vegastables/deadmanschest","sprite":"minecraft:vegastables/deadmanschest"},{"type":"single","resource":"minecraft:vegastables/darts","sprite":"minecraft:vegastables/darts"},{"type":"single","resource":"minecraft:vegastables/crash_anim","sprite":"minecraft:vegastables/crash_anim"},{"type":"single","resource":"minecraft:vegastables/crash","sprite":"minecraft:vegastables/crash"},{"type":"single","resource":"minecraft:vegastables/classic_new","sprite":"minecraft:vegastables/classic_new"},{"type":"single","resource":"minecraft:vegastables/classic_anim","sprite":"minecraft:vegastables/classic_anim"},{"type":"single","resource":"minecraft:vegastables/blackjack","sprite":"minecraft:vegastables/blackjack"},{"type":"single","resource":"minecraft:vegasgui/empty_button","sprite":"minecraft:vegasgui/empty_button"},{"type":"single","resource":"minecraft:vegasgui/9classic/gui2","sprite":"minecraft:vegasgui/9classic/gui2"},{"type":"single","resource":"minecraft:vegasgui/9classic/gui1","sprite":"minecraft:vegasgui/9classic/gui1"},{"type":"single","resource":"minecraft:vegasgui/8crash/gui2","sprite":"minecraft:vegasgui/8crash/gui2"},{"type":"single","resource":"minecraft:vegasgui/8crash/gui1","sprite":"minecraft:vegasgui/8crash/gui1"},{"type":"single","resource":"minecraft:vegasgui/8crash/crash_plane","sprite":"minecraft:vegasgui/8crash/crash_plane"},{"type":"single","resource":"minecraft:vegasgui/8crash/crash_line_6","sprite":"minecraft:vegasgui/8crash/crash_line_6"},{"type":"single","resource":"minecraft:vegasgui/8crash/crash_line_5","sprite":"minecraft:vegasgui/8crash/crash_line_5"},{"type":"single","resource":"minecraft:vegasgui/8crash/crash_line_4","sprite":"minecraft:vegasgui/8crash/crash_line_4"},{"type":"single","resource":"minecraft:vegasgui/8crash/crash_line_3","sprite":"minecraft:vegasgui/8crash/crash_line_3"},{"type":"single","resource":"minecraft:vegasgui/8crash/crash_line_2","sprite":"minecraft:vegasgui/8crash/crash_line_2"},{"type":"single","resource":"minecraft:vegasgui/8crash/crash_line_1","sprite":"minecraft:vegasgui/8crash/crash_line_1"},{"type":"single","resource":"minecraft:vegasgui/7lottery/gui2","sprite":"minecraft:vegasgui/7lottery/gui2"},{"type":"single","resource":"minecraft:vegasgui/7lottery/gui1","sprite":"minecraft:vegasgui/7lottery/gui1"},{"type":"single","resource":"minecraft:vegasgui/7lottery/empty","sprite":"minecraft:vegasgui/7lottery/empty"},{"type":"single","resource":"minecraft:vegasgui/7lottery/700","sprite":"minecraft:vegasgui/7lottery/700"},{"type":"single","resource":"minecraft:vegasgui/7lottery/600","sprite":"minecraft:vegasgui/7lottery/600"},{"type":"single","resource":"minecraft:vegasgui/7lottery/500","sprite":"minecraft:vegasgui/7lottery/500"},{"type":"single","resource":"minecraft:vegasgui/7lottery/400","sprite":"minecraft:vegasgui/7lottery/400"},{"type":"single","resource":"minecraft:vegasgui/7lottery/300","sprite":"minecraft:vegasgui/7lottery/300"},{"type":"single","resource":"minecraft:vegasgui/7lottery/200","sprite":"minecraft:vegasgui/7lottery/200"},{"type":"single","resource":"minecraft:vegasgui/7lottery/190","sprite":"minecraft:vegasgui/7lottery/190"},{"type":"single","resource":"minecraft:vegasgui/7lottery/180","sprite":"minecraft:vegasgui/7lottery/180"},{"type":"single","resource":"minecraft:vegasgui/7lottery/170","sprite":"minecraft:vegasgui/7lottery/170"},{"type":"single","resource":"minecraft:vegasgui/7lottery/160","sprite":"minecraft:vegasgui/7lottery/160"},{"type":"single","resource":"minecraft:vegasgui/7lottery/150","sprite":"minecraft:vegasgui/7lottery/150"},{"type":"single","resource":"minecraft:vegasgui/7lottery/140","sprite":"minecraft:vegasgui/7lottery/140"},{"type":"single","resource":"minecraft:vegasgui/7lottery/130","sprite":"minecraft:vegasgui/7lottery/130"},{"type":"single","resource":"minecraft:vegasgui/7lottery/120","sprite":"minecraft:vegasgui/7lottery/120"},{"type":"single","resource":"minecraft:vegasgui/7lottery/110","sprite":"minecraft:vegasgui/7lottery/110"},{"type":"single","resource":"minecraft:vegasgui/7lottery/100","sprite":"minecraft:vegasgui/7lottery/100"},{"type":"single","resource":"minecraft:vegasgui/7lottery/090","sprite":"minecraft:vegasgui/7lottery/090"},{"type":"single","resource":"minecraft:vegasgui/7lottery/080","sprite":"minecraft:vegasgui/7lottery/080"},{"type":"single","resource":"minecraft:vegasgui/7lottery/070","sprite":"minecraft:vegasgui/7lottery/070"},{"type":"single","resource":"minecraft:vegasgui/7lottery/060","sprite":"minecraft:vegasgui/7lottery/060"},{"type":"single","resource":"minecraft:vegasgui/7lottery/050","sprite":"minecraft:vegasgui/7lottery/050"},{"type":"single","resource":"minecraft:vegasgui/7lottery/040","sprite":"minecraft:vegasgui/7lottery/040"},{"type":"single","resource":"minecraft:vegasgui/7lottery/030","sprite":"minecraft:vegasgui/7lottery/030"},{"type":"single","resource":"minecraft:vegasgui/7lottery/020","sprite":"minecraft:vegasgui/7lottery/020"},{"type":"single","resource":"minecraft:vegasgui/7lottery/019","sprite":"minecraft:vegasgui/7lottery/019"},{"type":"single","resource":"minecraft:vegasgui/7lottery/018","sprite":"minecraft:vegasgui/7lottery/018"},{"type":"single","resource":"minecraft:vegasgui/7lottery/017","sprite":"minecraft:vegasgui/7lottery/017"},{"type":"single","resource":"minecraft:vegasgui/7lottery/016","sprite":"minecraft:vegasgui/7lottery/016"},{"type":"single","resource":"minecraft:vegasgui/7lottery/015","sprite":"minecraft:vegasgui/7lottery/015"},{"type":"single","resource":"minecraft:vegasgui/7lottery/014","sprite":"minecraft:vegasgui/7lottery/014"},{"type":"single","resource":"minecraft:vegasgui/7lottery/013","sprite":"minecraft:vegasgui/7lottery/013"},{"type":"single","resource":"minecraft:vegasgui/7lottery/012","sprite":"minecraft:vegasgui/7lottery/012"},{"type":"single","resource":"minecraft:vegasgui/7lottery/011","sprite":"minecraft:vegasgui/7lottery/011"},{"type":"single","resource":"minecraft:vegasgui/7lottery/010","sprite":"minecraft:vegasgui/7lottery/010"},{"type":"single","resource":"minecraft:vegasgui/7lottery/009","sprite":"minecraft:vegasgui/7lottery/009"},{"type":"single","resource":"minecraft:vegasgui/7lottery/008","sprite":"minecraft:vegasgui/7lottery/008"},{"type":"single","resource":"minecraft:vegasgui/7lottery/007","sprite":"minecraft:vegasgui/7lottery/007"},{"type":"single","resource":"minecraft:vegasgui/7lottery/006","sprite":"minecraft:vegasgui/7lottery/006"},{"type":"single","resource":"minecraft:vegasgui/7lottery/005","sprite":"minecraft:vegasgui/7lottery/005"},{"type":"single","resource":"minecraft:vegasgui/7lottery/004","sprite":"minecraft:vegasgui/7lottery/004"},{"type":"single","resource":"minecraft:vegasgui/7lottery/003","sprite":"minecraft:vegasgui/7lottery/003"},{"type":"single","resource":"minecraft:vegasgui/7lottery/002","sprite":"minecraft:vegasgui/7lottery/002"},{"type":"single","resource":"minecraft:vegasgui/7lottery/001","sprite":"minecraft:vegasgui/7lottery/001"},{"type":"single","resource":"minecraft:vegasgui/70common/victory","sprite":"minecraft:vegasgui/70common/victory"},{"type":"single","resource":"minecraft:vegasgui/70common/draw","sprite":"minecraft:vegasgui/70common/draw"},{"type":"single","resource":"minecraft:vegasgui/70common/defeat","sprite":"minecraft:vegasgui/70common/defeat"},{"type":"single","resource":"minecraft:vegasgui/6stairs/stairs_skull","sprite":"minecraft:vegasgui/6stairs/stairs_skull"},{"type":"single","resource":"minecraft:vegasgui/6stairs/stairs_pressed_block","sprite":"minecraft:vegasgui/6stairs/stairs_pressed_block"},{"type":"single","resource":"minecraft:vegasgui/6stairs/stairs_green_glass","sprite":"minecraft:vegasgui/6stairs/stairs_green_glass"},{"type":"single","resource":"minecraft:vegasgui/6stairs/gui2","sprite":"minecraft:vegasgui/6stairs/gui2"},{"type":"single","resource":"minecraft:vegasgui/6stairs/gui1","sprite":"minecraft:vegasgui/6stairs/gui1"},{"type":"single","resource":"minecraft:vegasgui/6stairs/button_rolling","sprite":"minecraft:vegasgui/6stairs/button_rolling"},{"type":"single","resource":"minecraft:vegasgui/6stairs/button_ready","sprite":"minecraft:vegasgui/6stairs/button_ready"},{"type":"single","resource":"minecraft:vegasgui/6stairs/button_notready","sprite":"minecraft:vegasgui/6stairs/button_notready"},{"type":"single","resource":"minecraft:vegasgui/60score/score_9","sprite":"minecraft:vegasgui/60score/score_9"},{"type":"single","resource":"minecraft:vegasgui/60score/score_8","sprite":"minecraft:vegasgui/60score/score_8"},{"type":"single","resource":"minecraft:vegasgui/60score/score_7","sprite":"minecraft:vegasgui/60score/score_7"},{"type":"single","resource":"minecraft:vegasgui/60score/score_6","sprite":"minecraft:vegasgui/60score/score_6"},{"type":"single","resource":"minecraft:vegasgui/60score/score_5","sprite":"minecraft:vegasgui/60score/score_5"},{"type":"single","resource":"minecraft:vegasgui/60score/score_4","sprite":"minecraft:vegasgui/60score/score_4"},{"type":"single","resource":"minecraft:vegasgui/60score/score_3","sprite":"minecraft:vegasgui/60score/score_3"},{"type":"single","resource":"minecraft:vegasgui/60score/score_2","sprite":"minecraft:vegasgui/60score/score_2"},{"type":"single","resource":"minecraft:vegasgui/60score/score_12","sprite":"minecraft:vegasgui/60score/score_12"},{"type":"single","resource":"minecraft:vegasgui/60score/score_11","sprite":"minecraft:vegasgui/60score/score_11"},{"type":"single","resource":"minecraft:vegasgui/60score/score_10","sprite":"minecraft:vegasgui/60score/score_10"},{"type":"single","resource":"minecraft:vegasgui/60score/score_1","sprite":"minecraft:vegasgui/60score/score_1"},{"type":"single","resource":"minecraft:vegasgui/60score/score_0","sprite":"minecraft:vegasgui/60score/score_0"},{"type":"single","resource":"minecraft:vegasgui/5pyramid/pyramid_gold_chest","sprite":"minecraft:vegasgui/5pyramid/pyramid_gold_chest"},{"type":"single","resource":"minecraft:vegasgui/5pyramid/pyramid_ball","sprite":"minecraft:vegasgui/5pyramid/pyramid_ball"},{"type":"single","resource":"minecraft:vegasgui/5pyramid/gui2","sprite":"minecraft:vegasgui/5pyramid/gui2"},{"type":"single","resource":"minecraft:vegasgui/5pyramid/gui1","sprite":"minecraft:vegasgui/5pyramid/gui1"},{"type":"single","resource":"minecraft:vegasgui/5pyramid/bet","sprite":"minecraft:vegasgui/5pyramid/bet"},{"type":"single","resource":"minecraft:vegasgui/50cards/poker_closed_card","sprite":"minecraft:vegasgui/50cards/poker_closed_card"},{"type":"single","resource":"minecraft:vegasgui/50cards/poker_card_queen_pika","sprite":"minecraft:vegasgui/50cards/poker_card_queen_pika"},{"type":"single","resource":"minecraft:vegasgui/50cards/poker_card_queen_kresti","sprite":"minecraft:vegasgui/50cards/poker_card_queen_kresti"},{"type":"single","resource":"minecraft:vegasgui/50cards/poker_card_queen_chervi","sprite":"minecraft:vegasgui/50cards/poker_card_queen_chervi"},{"type":"single","resource":"minecraft:vegasgui/50cards/poker_card_queen_buba","sprite":"minecraft:vegasgui/50cards/poker_card_queen_buba"},{"type":"single","resource":"minecraft:vegasgui/50cards/poker_card_king_pika","sprite":"minecraft:vegasgui/50cards/poker_card_king_pika"},{"type":"single","resource":"minecraft:vegasgui/50cards/poker_card_king_kresti","sprite":"minecraft:vegasgui/50cards/poker_card_king_kresti"},{"type":"single","resource":"minecraft:vegasgui/50cards/poker_card_king_chervi","sprite":"minecraft:vegasgui/50cards/poker_card_king_chervi"},{"type":"single","resource":"minecraft:vegasgui/50cards/poker_card_king_buba","sprite":"minecraft:vegasgui/50cards/poker_card_king_buba"},{"type":"single","resource":"minecraft:vegasgui/50cards/poker_card_jack_pika","sprite":"minecraft:vegasgui/50cards/poker_card_jack_pika"},{"type":"single","resource":"minecraft:vegasgui/50cards/poker_card_jack_kresti","sprite":"minecraft:vegasgui/50cards/poker_card_jack_kresti"},{"type":"single","resource":"minecraft:vegasgui/50cards/poker_card_jack_chervi","sprite":"minecraft:vegasgui/50cards/poker_card_jack_chervi"},{"type":"single","resource":"minecraft:vegasgui/50cards/poker_card_jack_buba","sprite":"minecraft:vegasgui/50cards/poker_card_jack_buba"},{"type":"single","resource":"minecraft:vegasgui/50cards/poker_card_ace_pika","sprite":"minecraft:vegasgui/50cards/poker_card_ace_pika"},{"type":"single","resource":"minecraft:vegasgui/50cards/poker_card_ace_kresti","sprite":"minecraft:vegasgui/50cards/poker_card_ace_kresti"},{"type":"single","resource":"minecraft:vegasgui/50cards/poker_card_ace_chervi","sprite":"minecraft:vegasgui/50cards/poker_card_ace_chervi"},{"type":"single","resource":"minecraft:vegasgui/50cards/poker_card_ace_buba","sprite":"minecraft:vegasgui/50cards/poker_card_ace_buba"},{"type":"single","resource":"minecraft:vegasgui/50cards/poker_card_9_pika","sprite":"minecraft:vegasgui/50cards/poker_card_9_pika"},{"type":"single","resource":"minecraft:vegasgui/50cards/poker_card_9_kresti","sprite":"minecraft:vegasgui/50cards/poker_card_9_kresti"},{"type":"single","resource":"minecraft:vegasgui/50cards/poker_card_9_chervi","sprite":"minecraft:vegasgui/50cards/poker_card_9_chervi"},{"type":"single","resource":"minecraft:vegasgui/50cards/poker_card_9_buba","sprite":"minecraft:vegasgui/50cards/poker_card_9_buba"},{"type":"single","resource":"minecraft:vegasgui/50cards/poker_card_8_pika","sprite":"minecraft:vegasgui/50cards/poker_card_8_pika"},{"type":"single","resource":"minecraft:vegasgui/50cards/poker_card_8_kresti","sprite":"minecraft:vegasgui/50cards/poker_card_8_kresti"},{"type":"single","resource":"minecraft:vegasgui/50cards/poker_card_8_chervi","sprite":"minecraft:vegasgui/50cards/poker_card_8_chervi"},{"type":"single","resource":"minecraft:vegasgui/50cards/poker_card_8_buba","sprite":"minecraft:vegasgui/50cards/poker_card_8_buba"},{"type":"single","resource":"minecraft:vegasgui/50cards/poker_card_7_pika","sprite":"minecraft:vegasgui/50cards/poker_card_7_pika"},{"type":"single","resource":"minecraft:vegasgui/50cards/poker_card_7_kresti","sprite":"minecraft:vegasgui/50cards/poker_card_7_kresti"},{"type":"single","resource":"minecraft:vegasgui/50cards/poker_card_7_chervi","sprite":"minecraft:vegasgui/50cards/poker_card_7_chervi"},{"type":"single","resource":"minecraft:vegasgui/50cards/poker_card_7_buba","sprite":"minecraft:vegasgui/50cards/poker_card_7_buba"},{"type":"single","resource":"minecraft:vegasgui/50cards/poker_card_6_pika","sprite":"minecraft:vegasgui/50cards/poker_card_6_pika"},{"type":"single","resource":"minecraft:vegasgui/50cards/poker_card_6_kresti","sprite":"minecraft:vegasgui/50cards/poker_card_6_kresti"},{"type":"single","resource":"minecraft:vegasgui/50cards/poker_card_6_chervi","sprite":"minecraft:vegasgui/50cards/poker_card_6_chervi"},{"type":"single","resource":"minecraft:vegasgui/50cards/poker_card_6_buba","sprite":"minecraft:vegasgui/50cards/poker_card_6_buba"},{"type":"single","resource":"minecraft:vegasgui/50cards/poker_card_5_pika","sprite":"minecraft:vegasgui/50cards/poker_card_5_pika"},{"type":"single","resource":"minecraft:vegasgui/50cards/poker_card_5_kresti","sprite":"minecraft:vegasgui/50cards/poker_card_5_kresti"},{"type":"single","resource":"minecraft:vegasgui/50cards/poker_card_5_chervi","sprite":"minecraft:vegasgui/50cards/poker_card_5_chervi"},{"type":"single","resource":"minecraft:vegasgui/50cards/poker_card_5_buba","sprite":"minecraft:vegasgui/50cards/poker_card_5_buba"},{"type":"single","resource":"minecraft:vegasgui/50cards/poker_card_4_pika","sprite":"minecraft:vegasgui/50cards/poker_card_4_pika"},{"type":"single","resource":"minecraft:vegasgui/50cards/poker_card_4_kresti","sprite":"minecraft:vegasgui/50cards/poker_card_4_kresti"},{"type":"single","resource":"minecraft:vegasgui/50cards/poker_card_4_chervi","sprite":"minecraft:vegasgui/50cards/poker_card_4_chervi"},{"type":"single","resource":"minecraft:vegasgui/50cards/poker_card_4_buba","sprite":"minecraft:vegasgui/50cards/poker_card_4_buba"},{"type":"single","resource":"minecraft:vegasgui/50cards/poker_card_3_pika","sprite":"minecraft:vegasgui/50cards/poker_card_3_pika"},{"type":"single","resource":"minecraft:vegasgui/50cards/poker_card_3_kresti","sprite":"minecraft:vegasgui/50cards/poker_card_3_kresti"},{"type":"single","resource":"minecraft:vegasgui/50cards/poker_card_3_chervi","sprite":"minecraft:vegasgui/50cards/poker_card_3_chervi"},{"type":"single","resource":"minecraft:vegasgui/50cards/poker_card_3_buba","sprite":"minecraft:vegasgui/50cards/poker_card_3_buba"},{"type":"single","resource":"minecraft:vegasgui/50cards/poker_card_2_pika","sprite":"minecraft:vegasgui/50cards/poker_card_2_pika"},{"type":"single","resource":"minecraft:vegasgui/50cards/poker_card_2_kresti","sprite":"minecraft:vegasgui/50cards/poker_card_2_kresti"},{"type":"single","resource":"minecraft:vegasgui/50cards/poker_card_2_chervi","sprite":"minecraft:vegasgui/50cards/poker_card_2_chervi"},{"type":"single","resource":"minecraft:vegasgui/50cards/poker_card_2_buba","sprite":"minecraft:vegasgui/50cards/poker_card_2_buba"},{"type":"single","resource":"minecraft:vegasgui/50cards/poker_card_10_pika","sprite":"minecraft:vegasgui/50cards/poker_card_10_pika"},{"type":"single","resource":"minecraft:vegasgui/50cards/poker_card_10_kresti","sprite":"minecraft:vegasgui/50cards/poker_card_10_kresti"},{"type":"single","resource":"minecraft:vegasgui/50cards/poker_card_10_chervi","sprite":"minecraft:vegasgui/50cards/poker_card_10_chervi"},{"type":"single","resource":"minecraft:vegasgui/50cards/poker_card_10_buba","sprite":"minecraft:vegasgui/50cards/poker_card_10_buba"},{"type":"single","resource":"minecraft:vegasgui/4races/number_3","sprite":"minecraft:vegasgui/4races/number_3"},{"type":"single","resource":"minecraft:vegasgui/4races/number_2","sprite":"minecraft:vegasgui/4races/number_2"},{"type":"single","resource":"minecraft:vegasgui/4races/number_1","sprite":"minecraft:vegasgui/4races/number_1"},{"type":"single","resource":"minecraft:vegasgui/4races/horse_4","sprite":"minecraft:vegasgui/4races/horse_4"},{"type":"single","resource":"minecraft:vegasgui/4races/horse_3","sprite":"minecraft:vegasgui/4races/horse_3"},{"type":"single","resource":"minecraft:vegasgui/4races/horse_2","sprite":"minecraft:vegasgui/4races/horse_2"},{"type":"single","resource":"minecraft:vegasgui/4races/horse_1","sprite":"minecraft:vegasgui/4races/horse_1"},{"type":"single","resource":"minecraft:vegasgui/4races/gui2","sprite":"minecraft:vegasgui/4races/gui2"},{"type":"single","resource":"minecraft:vegasgui/4races/gui1","sprite":"minecraft:vegasgui/4races/gui1"},{"type":"single","resource":"minecraft:vegasgui/4races/finish_white","sprite":"minecraft:vegasgui/4races/finish_white"},{"type":"single","resource":"minecraft:vegasgui/4races/finish_black","sprite":"minecraft:vegasgui/4races/finish_black"},{"type":"single","resource":"minecraft:vegasgui/4races/button_rolling","sprite":"minecraft:vegasgui/4races/button_rolling"},{"type":"single","resource":"minecraft:vegasgui/4races/button_notready","sprite":"minecraft:vegasgui/4races/button_notready"},{"type":"single","resource":"minecraft:vegasgui/40chips/chip_9","sprite":"minecraft:vegasgui/40chips/chip_9"},{"type":"single","resource":"minecraft:vegasgui/40chips/chip_8","sprite":"minecraft:vegasgui/40chips/chip_8"},{"type":"single","resource":"minecraft:vegasgui/40chips/chip_7","sprite":"minecraft:vegasgui/40chips/chip_7"},{"type":"single","resource":"minecraft:vegasgui/40chips/chip_6","sprite":"minecraft:vegasgui/40chips/chip_6"},{"type":"single","resource":"minecraft:vegasgui/40chips/chip_5","sprite":"minecraft:vegasgui/40chips/chip_5"},{"type":"single","resource":"minecraft:vegasgui/40chips/chip_4","sprite":"minecraft:vegasgui/40chips/chip_4"},{"type":"single","resource":"minecraft:vegasgui/40chips/chip_3","sprite":"minecraft:vegasgui/40chips/chip_3"},{"type":"single","resource":"minecraft:vegasgui/40chips/chip_2","sprite":"minecraft:vegasgui/40chips/chip_2"},{"type":"single","resource":"minecraft:vegasgui/40chips/chip_10","sprite":"minecraft:vegasgui/40chips/chip_10"},{"type":"single","resource":"minecraft:vegasgui/40chips/chip_1","sprite":"minecraft:vegasgui/40chips/chip_1"},{"type":"single","resource":"minecraft:vegasgui/3drums/gui2","sprite":"minecraft:vegasgui/3drums/gui2"},{"type":"single","resource":"minecraft:vegasgui/3drums/gui1","sprite":"minecraft:vegasgui/3drums/gui1"},{"type":"single","resource":"minecraft:vegasgui/3drums/drums_seven","sprite":"minecraft:vegasgui/3drums/drums_seven"},{"type":"single","resource":"minecraft:vegasgui/3drums/drums_dragon","sprite":"minecraft:vegasgui/3drums/drums_dragon"},{"type":"single","resource":"minecraft:vegasgui/3drums/drums_diamond","sprite":"minecraft:vegasgui/3drums/drums_diamond"},{"type":"single","resource":"minecraft:vegasgui/3drums/drums_chest","sprite":"minecraft:vegasgui/3drums/drums_chest"},{"type":"single","resource":"minecraft:vegasgui/3drums/drums_cherry","sprite":"minecraft:vegasgui/3drums/drums_cherry"},{"type":"single","resource":"minecraft:vegasgui/3drums/button_rolling","sprite":"minecraft:vegasgui/3drums/button_rolling"},{"type":"single","resource":"minecraft:vegasgui/3drums/button_ready","sprite":"minecraft:vegasgui/3drums/button_ready"},{"type":"single","resource":"minecraft:vegasgui/3drums/button_notready","sprite":"minecraft:vegasgui/3drums/button_notready"},{"type":"single","resource":"minecraft:vegasgui/30main_gui/stat_gui2","sprite":"minecraft:vegasgui/30main_gui/stat_gui2"},{"type":"single","resource":"minecraft:vegasgui/30main_gui/stat_gui1","sprite":"minecraft:vegasgui/30main_gui/stat_gui1"},{"type":"single","resource":"minecraft:vegasgui/30main_gui/shop_gui2","sprite":"minecraft:vegasgui/30main_gui/shop_gui2"},{"type":"single","resource":"minecraft:vegasgui/30main_gui/shop_gui1","sprite":"minecraft:vegasgui/30main_gui/shop_gui1"},{"type":"single","resource":"minecraft:vegasgui/30main_gui/logo_tictactoe","sprite":"minecraft:vegasgui/30main_gui/logo_tictactoe"},{"type":"single","resource":"minecraft:vegasgui/30main_gui/logo_stairs","sprite":"minecraft:vegasgui/30main_gui/logo_stairs"},{"type":"single","resource":"minecraft:vegasgui/30main_gui/logo_roulette","sprite":"minecraft:vegasgui/30main_gui/logo_roulette"},{"type":"single","resource":"minecraft:vegasgui/30main_gui/logo_rockpaperscissors","sprite":"minecraft:vegasgui/30main_gui/logo_rockpaperscissors"},{"type":"single","resource":"minecraft:vegasgui/30main_gui/logo_races","sprite":"minecraft:vegasgui/30main_gui/logo_races"},{"type":"single","resource":"minecraft:vegasgui/30main_gui/logo_pyramid","sprite":"minecraft:vegasgui/30main_gui/logo_pyramid"},{"type":"single","resource":"minecraft:vegasgui/30main_gui/logo_poker","sprite":"minecraft:vegasgui/30main_gui/logo_poker"},{"type":"single","resource":"minecraft:vegasgui/30main_gui/logo_minesweeper","sprite":"minecraft:vegasgui/30main_gui/logo_minesweeper"},{"type":"single","resource":"minecraft:vegasgui/30main_gui/logo_lottery","sprite":"minecraft:vegasgui/30main_gui/logo_lottery"},{"type":"single","resource":"minecraft:vegasgui/30main_gui/logo_drums","sprite":"minecraft:vegasgui/30main_gui/logo_drums"},{"type":"single","resource":"minecraft:vegasgui/30main_gui/logo_dice","sprite":"minecraft:vegasgui/30main_gui/logo_dice"},{"type":"single","resource":"minecraft:vegasgui/30main_gui/logo_deadmanschest","sprite":"minecraft:vegasgui/30main_gui/logo_deadmanschest"},{"type":"single","resource":"minecraft:vegasgui/30main_gui/logo_darts","sprite":"minecraft:vegasgui/30main_gui/logo_darts"},{"type":"single","resource":"minecraft:vegasgui/30main_gui/logo_crash","sprite":"minecraft:vegasgui/30main_gui/logo_crash"},{"type":"single","resource":"minecraft:vegasgui/30main_gui/logo_classic","sprite":"minecraft:vegasgui/30main_gui/logo_classic"},{"type":"single","resource":"minecraft:vegasgui/30main_gui/logo_blackjack","sprite":"minecraft:vegasgui/30main_gui/logo_blackjack"},{"type":"single","resource":"minecraft:vegasgui/30main_gui/gui2","sprite":"minecraft:vegasgui/30main_gui/gui2"},{"type":"single","resource":"minecraft:vegasgui/30main_gui/gui1","sprite":"minecraft:vegasgui/30main_gui/gui1"},{"type":"single","resource":"minecraft:vegasgui/30main_gui/chip3","sprite":"minecraft:vegasgui/30main_gui/chip3"},{"type":"single","resource":"minecraft:vegasgui/30main_gui/chip2","sprite":"minecraft:vegasgui/30main_gui/chip2"},{"type":"single","resource":"minecraft:vegasgui/30main_gui/chip1","sprite":"minecraft:vegasgui/30main_gui/chip1"},{"type":"single","resource":"minecraft:vegasgui/2darts/lever_rolling","sprite":"minecraft:vegasgui/2darts/lever_rolling"},{"type":"single","resource":"minecraft:vegasgui/2darts/lever_ready","sprite":"minecraft:vegasgui/2darts/lever_ready"},{"type":"single","resource":"minecraft:vegasgui/2darts/lever_notready","sprite":"minecraft:vegasgui/2darts/lever_notready"},{"type":"single","resource":"minecraft:vegasgui/2darts/gui2","sprite":"minecraft:vegasgui/2darts/gui2"},{"type":"single","resource":"minecraft:vegasgui/2darts/gui1","sprite":"minecraft:vegasgui/2darts/gui1"},{"type":"single","resource":"minecraft:vegasgui/2darts/darts_zombie","sprite":"minecraft:vegasgui/2darts/darts_zombie"},{"type":"single","resource":"minecraft:vegasgui/2darts/darts_skeleton","sprite":"minecraft:vegasgui/2darts/darts_skeleton"},{"type":"single","resource":"minecraft:vegasgui/2darts/darts_shit","sprite":"minecraft:vegasgui/2darts/darts_shit"},{"type":"single","resource":"minecraft:vegasgui/2darts/darts_shell","sprite":"minecraft:vegasgui/2darts/darts_shell"},{"type":"single","resource":"minecraft:vegasgui/2darts/darts_player","sprite":"minecraft:vegasgui/2darts/darts_player"},{"type":"single","resource":"minecraft:vegasgui/2darts/darts_dragon","sprite":"minecraft:vegasgui/2darts/darts_dragon"},{"type":"single","resource":"minecraft:vegasgui/2darts/darts_diamond","sprite":"minecraft:vegasgui/2darts/darts_diamond"},{"type":"single","resource":"minecraft:vegasgui/2darts/darts_creeper","sprite":"minecraft:vegasgui/2darts/darts_creeper"},{"type":"single","resource":"minecraft:vegasgui/2darts/darts_cactus","sprite":"minecraft:vegasgui/2darts/darts_cactus"},{"type":"single","resource":"minecraft:vegasgui/2darts/darts_apple","sprite":"minecraft:vegasgui/2darts/darts_apple"},{"type":"single","resource":"minecraft:vegasgui/1roulette/red_square","sprite":"minecraft:vegasgui/1roulette/red_square"},{"type":"single","resource":"minecraft:vegasgui/1roulette/gui2","sprite":"minecraft:vegasgui/1roulette/gui2"},{"type":"single","resource":"minecraft:vegasgui/1roulette/gui1","sprite":"minecraft:vegasgui/1roulette/gui1"},{"type":"single","resource":"minecraft:vegasgui/1roulette/button_medium_2","sprite":"minecraft:vegasgui/1roulette/button_medium_2"},{"type":"single","resource":"minecraft:vegasgui/1roulette/button_medium_1","sprite":"minecraft:vegasgui/1roulette/button_medium_1"},{"type":"single","resource":"minecraft:vegasgui/1roulette/button_hard_2","sprite":"minecraft:vegasgui/1roulette/button_hard_2"},{"type":"single","resource":"minecraft:vegasgui/1roulette/button_hard_1","sprite":"minecraft:vegasgui/1roulette/button_hard_1"},{"type":"single","resource":"minecraft:vegasgui/1roulette/button_easy_2","sprite":"minecraft:vegasgui/1roulette/button_easy_2"},{"type":"single","resource":"minecraft:vegasgui/1roulette/button_easy_1","sprite":"minecraft:vegasgui/1roulette/button_easy_1"},{"type":"single","resource":"minecraft:vegasgui/1roulette/black_square","sprite":"minecraft:vegasgui/1roulette/black_square"},{"type":"single","resource":"minecraft:vegasgui/16minesweeper/stop_button","sprite":"minecraft:vegasgui/16minesweeper/stop_button"},{"type":"single","resource":"minecraft:vegasgui/16minesweeper/opened","sprite":"minecraft:vegasgui/16minesweeper/opened"},{"type":"single","resource":"minecraft:vegasgui/16minesweeper/mine","sprite":"minecraft:vegasgui/16minesweeper/mine"},{"type":"single","resource":"minecraft:vegasgui/16minesweeper/lever_start","sprite":"minecraft:vegasgui/16minesweeper/lever_start"},{"type":"single","resource":"minecraft:vegasgui/16minesweeper/gui2","sprite":"minecraft:vegasgui/16minesweeper/gui2"},{"type":"single","resource":"minecraft:vegasgui/16minesweeper/gui1","sprite":"minecraft:vegasgui/16minesweeper/gui1"},{"type":"single","resource":"minecraft:vegasgui/16minesweeper/button_medium_active","sprite":"minecraft:vegasgui/16minesweeper/button_medium_active"},{"type":"single","resource":"minecraft:vegasgui/16minesweeper/button_medium","sprite":"minecraft:vegasgui/16minesweeper/button_medium"},{"type":"single","resource":"minecraft:vegasgui/16minesweeper/button_hard_active","sprite":"minecraft:vegasgui/16minesweeper/button_hard_active"},{"type":"single","resource":"minecraft:vegasgui/16minesweeper/button_hard","sprite":"minecraft:vegasgui/16minesweeper/button_hard"},{"type":"single","resource":"minecraft:vegasgui/16minesweeper/button_easy_active","sprite":"minecraft:vegasgui/16minesweeper/button_easy_active"},{"type":"single","resource":"minecraft:vegasgui/16minesweeper/button_easy","sprite":"minecraft:vegasgui/16minesweeper/button_easy"},{"type":"single","resource":"minecraft:vegasgui/15dice/gui2","sprite":"minecraft:vegasgui/15dice/gui2"},{"type":"single","resource":"minecraft:vegasgui/15dice/gui1","sprite":"minecraft:vegasgui/15dice/gui1"},{"type":"single","resource":"minecraft:vegasgui/15dice/dice_cube_6","sprite":"minecraft:vegasgui/15dice/dice_cube_6"},{"type":"single","resource":"minecraft:vegasgui/15dice/dice_cube_5","sprite":"minecraft:vegasgui/15dice/dice_cube_5"},{"type":"single","resource":"minecraft:vegasgui/15dice/dice_cube_4","sprite":"minecraft:vegasgui/15dice/dice_cube_4"},{"type":"single","resource":"minecraft:vegasgui/15dice/dice_cube_3","sprite":"minecraft:vegasgui/15dice/dice_cube_3"},{"type":"single","resource":"minecraft:vegasgui/15dice/dice_cube_2","sprite":"minecraft:vegasgui/15dice/dice_cube_2"},{"type":"single","resource":"minecraft:vegasgui/15dice/dice_cube_1","sprite":"minecraft:vegasgui/15dice/dice_cube_1"},{"type":"single","resource":"minecraft:vegasgui/14poker/poker_players_bet","sprite":"minecraft:vegasgui/14poker/poker_players_bet"},{"type":"single","resource":"minecraft:vegasgui/14poker/poker_placed_bet","sprite":"minecraft:vegasgui/14poker/poker_placed_bet"},{"type":"single","resource":"minecraft:vegasgui/14poker/number_5","sprite":"minecraft:vegasgui/14poker/number_5"},{"type":"single","resource":"minecraft:vegasgui/14poker/number_4","sprite":"minecraft:vegasgui/14poker/number_4"},{"type":"single","resource":"minecraft:vegasgui/14poker/number_3","sprite":"minecraft:vegasgui/14poker/number_3"},{"type":"single","resource":"minecraft:vegasgui/14poker/number_2","sprite":"minecraft:vegasgui/14poker/number_2"},{"type":"single","resource":"minecraft:vegasgui/14poker/number_1","sprite":"minecraft:vegasgui/14poker/number_1"},{"type":"single","resource":"minecraft:vegasgui/14poker/gui2","sprite":"minecraft:vegasgui/14poker/gui2"},{"type":"single","resource":"minecraft:vegasgui/14poker/gui1","sprite":"minecraft:vegasgui/14poker/gui1"},{"type":"single","resource":"minecraft:vegasgui/13deadmanschest/gui2","sprite":"minecraft:vegasgui/13deadmanschest/gui2"},{"type":"single","resource":"minecraft:vegasgui/13deadmanschest/gui1","sprite":"minecraft:vegasgui/13deadmanschest/gui1"},{"type":"single","resource":"minecraft:vegasgui/13deadmanschest/deadmanschest_tnt","sprite":"minecraft:vegasgui/13deadmanschest/deadmanschest_tnt"},{"type":"single","resource":"minecraft:vegasgui/13deadmanschest/deadmanschest_chest","sprite":"minecraft:vegasgui/13deadmanschest/deadmanschest_chest"},{"type":"single","resource":"minecraft:vegasgui/13deadmanschest/coefficient","sprite":"minecraft:vegasgui/13deadmanschest/coefficient"},{"type":"single","resource":"minecraft:vegasgui/13deadmanschest/button_rolling","sprite":"minecraft:vegasgui/13deadmanschest/button_rolling"},{"type":"single","resource":"minecraft:vegasgui/13deadmanschest/button_notready","sprite":"minecraft:vegasgui/13deadmanschest/button_notready"},{"type":"single","resource":"minecraft:vegasgui/13deadmanschest/button_medium_active","sprite":"minecraft:vegasgui/13deadmanschest/button_medium_active"},{"type":"single","resource":"minecraft:vegasgui/13deadmanschest/button_medium","sprite":"minecraft:vegasgui/13deadmanschest/button_medium"},{"type":"single","resource":"minecraft:vegasgui/13deadmanschest/button_hard_active","sprite":"minecraft:vegasgui/13deadmanschest/button_hard_active"},{"type":"single","resource":"minecraft:vegasgui/13deadmanschest/button_hard","sprite":"minecraft:vegasgui/13deadmanschest/button_hard"},{"type":"single","resource":"minecraft:vegasgui/13deadmanschest/button_easy_active","sprite":"minecraft:vegasgui/13deadmanschest/button_easy_active"},{"type":"single","resource":"minecraft:vegasgui/13deadmanschest/button_easy","sprite":"minecraft:vegasgui/13deadmanschest/button_easy"},{"type":"single","resource":"minecraft:vegasgui/13deadmanschest/bet","sprite":"minecraft:vegasgui/13deadmanschest/bet"},{"type":"single","resource":"minecraft:vegasgui/13deadmanschest/balance","sprite":"minecraft:vegasgui/13deadmanschest/balance"},{"type":"single","resource":"minecraft:vegasgui/12tictactoe/tictactoe_redcross","sprite":"minecraft:vegasgui/12tictactoe/tictactoe_redcross"},{"type":"single","resource":"minecraft:vegasgui/12tictactoe/tictactoe_redcircle","sprite":"minecraft:vegasgui/12tictactoe/tictactoe_redcircle"},{"type":"single","resource":"minecraft:vegasgui/12tictactoe/tictactoe_cross","sprite":"minecraft:vegasgui/12tictactoe/tictactoe_cross"},{"type":"single","resource":"minecraft:vegasgui/12tictactoe/tictactoe_circle","sprite":"minecraft:vegasgui/12tictactoe/tictactoe_circle"},{"type":"single","resource":"minecraft:vegasgui/12tictactoe/gui2","sprite":"minecraft:vegasgui/12tictactoe/gui2"},{"type":"single","resource":"minecraft:vegasgui/12tictactoe/gui1","sprite":"minecraft:vegasgui/12tictactoe/gui1"},{"type":"single","resource":"minecraft:vegasgui/11rockpaperscissors/rockpaperscissors_well","sprite":"minecraft:vegasgui/11rockpaperscissors/rockpaperscissors_well"},{"type":"single","resource":"minecraft:vegasgui/11rockpaperscissors/rockpaperscissors_tree","sprite":"minecraft:vegasgui/11rockpaperscissors/rockpaperscissors_tree"},{"type":"single","resource":"minecraft:vegasgui/11rockpaperscissors/rockpaperscissors_scissors","sprite":"minecraft:vegasgui/11rockpaperscissors/rockpaperscissors_scissors"},{"type":"single","resource":"minecraft:vegasgui/11rockpaperscissors/rockpaperscissors_rock","sprite":"minecraft:vegasgui/11rockpaperscissors/rockpaperscissors_rock"},{"type":"single","resource":"minecraft:vegasgui/11rockpaperscissors/rockpaperscissors_paper","sprite":"minecraft:vegasgui/11rockpaperscissors/rockpaperscissors_paper"},{"type":"single","resource":"minecraft:vegasgui/11rockpaperscissors/rockpaperscissors_fire","sprite":"minecraft:vegasgui/11rockpaperscissors/rockpaperscissors_fire"},{"type":"single","resource":"minecraft:vegasgui/11rockpaperscissors/gui2","sprite":"minecraft:vegasgui/11rockpaperscissors/gui2"},{"type":"single","resource":"minecraft:vegasgui/11rockpaperscissors/gui1","sprite":"minecraft:vegasgui/11rockpaperscissors/gui1"},{"type":"single","resource":"minecraft:vegasgui/10blackjack/gui2","sprite":"minecraft:vegasgui/10blackjack/gui2"},{"type":"single","resource":"minecraft:vegasgui/10blackjack/gui1","sprite":"minecraft:vegasgui/10blackjack/gui1"},{"type":"single","resource":"minecraft:trims/models/armor/chainmail_leggings","sprite":"minecraft:trims/models/armor/chainmail_leggings"},{"type":"single","resource":"minecraft:trims/models/armor/chainmail","sprite":"minecraft:trims/models/armor/chainmail"},{"type":"single","resource":"minecraft:required/particle","sprite":"minecraft:required/particle"},{"type":"single","resource":"minecraft:required/ascii_offset","sprite":"minecraft:required/ascii_offset"},{"type":"single","resource":"minecraft:required/arrow_previous_icon","sprite":"minecraft:required/arrow_previous_icon"},{"type":"single","resource":"minecraft:required/arrow_next_icon","sprite":"minecraft:required/arrow_next_icon"},{"type":"single","resource":"minecraft:ax_food_pack/waffle","sprite":"minecraft:ax_food_pack/waffle"},{"type":"single","resource":"minecraft:ax_food_pack/tomato","sprite":"minecraft:ax_food_pack/tomato"},{"type":"single","resource":"minecraft:ax_food_pack/tofu","sprite":"minecraft:ax_food_pack/tofu"},{"type":"single","resource":"minecraft:ax_food_pack/toast","sprite":"minecraft:ax_food_pack/toast"},{"type":"single","resource":"minecraft:ax_food_pack/taco","sprite":"minecraft:ax_food_pack/taco"},{"type":"single","resource":"minecraft:ax_food_pack/strawberry","sprite":"minecraft:ax_food_pack/strawberry"},{"type":"single","resource":"minecraft:ax_food_pack/strawberry-jam","sprite":"minecraft:ax_food_pack/strawberry-jam"},{"type":"single","resource":"minecraft:ax_food_pack/sprite","sprite":"minecraft:ax_food_pack/sprite"},{"type":"single","resource":"minecraft:ax_food_pack/pumpkin","sprite":"minecraft:ax_food_pack/pumpkin"},{"type":"single","resource":"minecraft:ax_food_pack/popcorn","sprite":"minecraft:ax_food_pack/popcorn"},{"type":"single","resource":"minecraft:ax_food_pack/plum","sprite":"minecraft:ax_food_pack/plum"},{"type":"single","resource":"minecraft:ax_food_pack/pizza","sprite":"minecraft:ax_food_pack/pizza"},{"type":"single","resource":"minecraft:ax_food_pack/pie","sprite":"minecraft:ax_food_pack/pie"},{"type":"single","resource":"minecraft:ax_food_pack/pie-slice","sprite":"minecraft:ax_food_pack/pie-slice"},{"type":"single","resource":"minecraft:ax_food_pack/pepsi-cola","sprite":"minecraft:ax_food_pack/pepsi-cola"},{"type":"single","resource":"minecraft:ax_food_pack/pear","sprite":"minecraft:ax_food_pack/pear"},{"type":"single","resource":"minecraft:ax_food_pack/peach","sprite":"minecraft:ax_food_pack/peach"},{"type":"single","resource":"minecraft:ax_food_pack/oreo","sprite":"minecraft:ax_food_pack/oreo"},{"type":"single","resource":"minecraft:ax_food_pack/onion","sprite":"minecraft:ax_food_pack/onion"},{"type":"single","resource":"minecraft:ax_food_pack/nutella","sprite":"minecraft:ax_food_pack/nutella"},{"type":"single","resource":"minecraft:ax_food_pack/muffin","sprite":"minecraft:ax_food_pack/muffin"},{"type":"single","resource":"minecraft:ax_food_pack/mango","sprite":"minecraft:ax_food_pack/mango"},{"type":"single","resource":"minecraft:ax_food_pack/jelly","sprite":"minecraft:ax_food_pack/jelly"},{"type":"single","resource":"minecraft:ax_food_pack/ice-cream2","sprite":"minecraft:ax_food_pack/ice-cream2"},{"type":"single","resource":"minecraft:ax_food_pack/ice-cream1","sprite":"minecraft:ax_food_pack/ice-cream1"},{"type":"single","resource":"minecraft:ax_food_pack/hotdog","sprite":"minecraft:ax_food_pack/hotdog"},{"type":"single","resource":"minecraft:ax_food_pack/honey","sprite":"minecraft:ax_food_pack/honey"},{"type":"single","resource":"minecraft:ax_food_pack/hamburger","sprite":"minecraft:ax_food_pack/hamburger"},{"type":"single","resource":"minecraft:ax_food_pack/ham","sprite":"minecraft:ax_food_pack/ham"},{"type":"single","resource":"minecraft:ax_food_pack/fry-egg","sprite":"minecraft:ax_food_pack/fry-egg"},{"type":"single","resource":"minecraft:ax_food_pack/fanta","sprite":"minecraft:ax_food_pack/fanta"},{"type":"single","resource":"minecraft:ax_food_pack/donut","sprite":"minecraft:ax_food_pack/donut"},{"type":"single","resource":"minecraft:ax_food_pack/cotton-candy","sprite":"minecraft:ax_food_pack/cotton-candy"},{"type":"single","resource":"minecraft:ax_food_pack/cookie-donut","sprite":"minecraft:ax_food_pack/cookie-donut"},{"type":"single","resource":"minecraft:ax_food_pack/coconut","sprite":"minecraft:ax_food_pack/coconut"},{"type":"single","resource":"minecraft:ax_food_pack/coca-cola","sprite":"minecraft:ax_food_pack/coca-cola"},{"type":"single","resource":"minecraft:ax_food_pack/chocolate","sprite":"minecraft:ax_food_pack/chocolate"},{"type":"single","resource":"minecraft:ax_food_pack/cheese","sprite":"minecraft:ax_food_pack/cheese"},{"type":"single","resource":"minecraft:ax_food_pack/burrito","sprite":"minecraft:ax_food_pack/burrito"},{"type":"single","resource":"minecraft:ax_food_pack/broccoli","sprite":"minecraft:ax_food_pack/broccoli"},{"type":"single","resource":"minecraft:ax_food_pack/bread","sprite":"minecraft:ax_food_pack/bread"},{"type":"single","resource":"minecraft:ax_food_pack/boba","sprite":"minecraft:ax_food_pack/boba"},{"type":"single","resource":"minecraft:ax_food_pack/beer","sprite":"minecraft:ax_food_pack/beer"},{"type":"single","resource":"minecraft:ax_food_pack/banana","sprite":"minecraft:ax_food_pack/banana"},{"type":"single","resource":"minecraft:ax_food_pack/bacon","sprite":"minecraft:ax_food_pack/bacon"},{"type":"single","resource":"minecraft:ax_food_pack/acorn","sprite":"minecraft:ax_food_pack/acorn"}]}