{"parent":"item/generated","textures":{"layer0":"item/barrier"},"overrides":[{"predicate":{"custom_model_data":66601},"model":"vegastables/roulette"},{"predicate":{"custom_model_data":66602},"model":"vegastables/darts"},{"predicate":{"custom_model_data":66603},"model":"vegastables/drums"},{"predicate":{"custom_model_data":66604},"model":"vegastables/races"},{"predicate":{"custom_model_data":66605},"model":"vegastables/pyramid"},{"predicate":{"custom_model_data":66606},"model":"vegastables/stairs"},{"predicate":{"custom_model_data":66607},"model":"vegastables/lottery"},{"predicate":{"custom_model_data":66608},"model":"vegastables/crash"},{"predicate":{"custom_model_data":66609},"model":"vegastables/classic"},{"predicate":{"custom_model_data":66610},"model":"vegastables/blackjack"},{"predicate":{"custom_model_data":66611},"model":"vegastables/rockpaperscissors"},{"predicate":{"custom_model_data":66612},"model":"vegastables/tictactoe"},{"predicate":{"custom_model_data":66613},"model":"vegastables/deadmanschest"},{"predicate":{"custom_model_data":66614},"model":"vegastables/poker"},{"predicate":{"custom_model_data":66615},"model":"vegastables/dice"},{"predicate":{"custom_model_data":66616},"model":"vegastables/minesweeper"},{"predicate":{"custom_model_data":5600000},"model":"vegasgui/empty_button"},{"predicate":{"custom_model_data":5622101},"model":"vegasgui/13deadmanschest/bet"}]}