{"parent":"item/generated","textures":{"layer0":"item/cooked_beef"},"overrides":[{"predicate":{"custom_model_data":7010},"model":"acorn"},{"predicate":{"custom_model_data":7011},"model":"bacon"},{"predicate":{"custom_model_data":7012},"model":"banana"},{"predicate":{"custom_model_data":7014},"model":"boba"},{"predicate":{"custom_model_data":7015},"model":"bread"},{"predicate":{"custom_model_data":7016},"model":"broccoli"},{"predicate":{"custom_model_data":7017},"model":"burrito"},{"predicate":{"custom_model_data":7018},"model":"pie"},{"predicate":{"custom_model_data":7019},"model":"cheese"},{"predicate":{"custom_model_data":7020},"model":"chocolate-cookie-donut"},{"predicate":{"custom_model_data":7022},"model":"coconut"},{"predicate":{"custom_model_data":7023},"model":"cotton-candy"},{"predicate":{"custom_model_data":7024},"model":"donut"},{"predicate":{"custom_model_data":7026},"model":"fry-egg"},{"predicate":{"custom_model_data":7027},"model":"hamburger"},{"predicate":{"custom_model_data":7028},"model":"ham"},{"predicate":{"custom_model_data":7029},"model":"honey"},{"predicate":{"custom_model_data":7030},"model":"hotdog"},{"predicate":{"custom_model_data":7031},"model":"icecream"},{"predicate":{"custom_model_data":7032},"model":"jelly-candy"},{"predicate":{"custom_model_data":7033},"model":"mango"},{"predicate":{"custom_model_data":7034},"model":"muffin"},{"predicate":{"custom_model_data":7035},"model":"nutella"},{"predicate":{"custom_model_data":7036},"model":"onion"},{"predicate":{"custom_model_data":7037},"model":"oreo"},{"predicate":{"custom_model_data":7038},"model":"peach"},{"predicate":{"custom_model_data":7039},"model":"pear"},{"predicate":{"custom_model_data":7041},"model":"pie-slice"},{"predicate":{"custom_model_data":7042},"model":"pizza"},{"predicate":{"custom_model_data":7043},"model":"plumet"},{"predicate":{"custom_model_data":7044},"model":"popcorn"},{"predicate":{"custom_model_data":7045},"model":"pumpkin"},{"predicate":{"custom_model_data":7046},"model":"schokolade"},{"predicate":{"custom_model_data":7048},"model":"strawberry-icecream"},{"predicate":{"custom_model_data":7049},"model":"strawberry-jam"},{"predicate":{"custom_model_data":7050},"model":"strawberry"},{"predicate":{"custom_model_data":7051},"model":"taco"},{"predicate":{"custom_model_data":7052},"model":"toast"},{"predicate":{"custom_model_data":7053},"model":"tofu"},{"predicate":{"custom_model_data":7054},"model":"tomato"},{"predicate":{"custom_model_data":7055},"model":"waffle"}]}