{"parent":"item/generated","textures":{"layer0":"item/stick"},"overrides":[{"predicate":{"custom_model_data":5600101},"model":"vegasgui/70common/defeat"},{"predicate":{"custom_model_data":5600102},"model":"vegasgui/70common/draw"},{"predicate":{"custom_model_data":5600103},"model":"vegasgui/70common/victory"},{"predicate":{"custom_model_data":5605100},"model":"vegasgui/60score/score_0"},{"predicate":{"custom_model_data":5605101},"model":"vegasgui/60score/score_1"},{"predicate":{"custom_model_data":5605102},"model":"vegasgui/60score/score_2"},{"predicate":{"custom_model_data":5605103},"model":"vegasgui/60score/score_3"},{"predicate":{"custom_model_data":5605104},"model":"vegasgui/60score/score_4"},{"predicate":{"custom_model_data":5605105},"model":"vegasgui/60score/score_5"},{"predicate":{"custom_model_data":5605106},"model":"vegasgui/60score/score_6"},{"predicate":{"custom_model_data":5605107},"model":"vegasgui/60score/score_7"},{"predicate":{"custom_model_data":5605108},"model":"vegasgui/60score/score_8"},{"predicate":{"custom_model_data":5605109},"model":"vegasgui/60score/score_9"},{"predicate":{"custom_model_data":5605110},"model":"vegasgui/60score/score_10"},{"predicate":{"custom_model_data":5605111},"model":"vegasgui/60score/score_11"},{"predicate":{"custom_model_data":5605112},"model":"vegasgui/60score/score_12"},{"predicate":{"custom_model_data":5610101},"model":"vegasgui/1roulette/button_easy_1"},{"predicate":{"custom_model_data":5610102},"model":"vegasgui/1roulette/button_easy_2"},{"predicate":{"custom_model_data":5610103},"model":"vegasgui/1roulette/button_medium_1"},{"predicate":{"custom_model_data":5610104},"model":"vegasgui/1roulette/button_medium_2"},{"predicate":{"custom_model_data":5610105},"model":"vegasgui/1roulette/button_hard_1"},{"predicate":{"custom_model_data":5610106},"model":"vegasgui/1roulette/button_hard_2"},{"predicate":{"custom_model_data":5610107},"model":"vegasgui/1roulette/red_square"},{"predicate":{"custom_model_data":5610108},"model":"vegasgui/1roulette/black_square"},{"predicate":{"custom_model_data":5611101},"model":"vegasgui/2darts/lever_notready"},{"predicate":{"custom_model_data":5611102},"model":"vegasgui/2darts/lever_ready"},{"predicate":{"custom_model_data":5611103},"model":"vegasgui/2darts/lever_rolling"},{"predicate":{"custom_model_data":5611104},"model":"vegasgui/2darts/darts_apple"},{"predicate":{"custom_model_data":5611105},"model":"vegasgui/2darts/darts_cactus"},{"predicate":{"custom_model_data":5611106},"model":"vegasgui/2darts/darts_shell"},{"predicate":{"custom_model_data":5611107},"model":"vegasgui/2darts/darts_diamond"},{"predicate":{"custom_model_data":5611108},"model":"vegasgui/2darts/darts_shit"},{"predicate":{"custom_model_data":5612101},"model":"vegasgui/3drums/button_notready"},{"predicate":{"custom_model_data":5612102},"model":"vegasgui/3drums/button_ready"},{"predicate":{"custom_model_data":5612103},"model":"vegasgui/3drums/button_rolling"},{"predicate":{"custom_model_data":5612104},"model":"vegasgui/3drums/drums_cherry"},{"predicate":{"custom_model_data":5613101},"model":"vegasgui/4races/button_notready"},{"predicate":{"custom_model_data":5613102},"model":"vegasgui/4races/button_rolling"},{"predicate":{"custom_model_data":5613103},"model":"vegasgui/4races/finish_black"},{"predicate":{"custom_model_data":5613104},"model":"vegasgui/4races/finish_white"},{"predicate":{"custom_model_data":5613105},"model":"vegasgui/4races/horse_1"},{"predicate":{"custom_model_data":5613106},"model":"vegasgui/4races/horse_2"},{"predicate":{"custom_model_data":5613107},"model":"vegasgui/4races/horse_3"},{"predicate":{"custom_model_data":5613108},"model":"vegasgui/4races/horse_4"},{"predicate":{"custom_model_data":5613109},"model":"vegasgui/4races/number_1"},{"predicate":{"custom_model_data":5613110},"model":"vegasgui/4races/number_2"},{"predicate":{"custom_model_data":5613111},"model":"vegasgui/4races/number_3"},{"predicate":{"custom_model_data":5614101},"model":"vegasgui/5pyramid/bet"},{"predicate":{"custom_model_data":5614102},"model":"vegasgui/5pyramid/pyramid_ball"},{"predicate":{"custom_model_data":5614103},"model":"vegasgui/5pyramid/pyramid_gold_chest"},{"predicate":{"custom_model_data":5615101},"model":"vegasgui/6stairs/button_notready"},{"predicate":{"custom_model_data":5615102},"model":"vegasgui/6stairs/button_ready"},{"predicate":{"custom_model_data":5615103},"model":"vegasgui/6stairs/button_rolling"},{"predicate":{"custom_model_data":5615104},"model":"vegasgui/6stairs/stairs_green_glass"},{"predicate":{"custom_model_data":5615105},"model":"vegasgui/6stairs/stairs_pressed_block"},{"predicate":{"custom_model_data":5615106},"model":"vegasgui/6stairs/stairs_skull"},{"predicate":{"custom_model_data":5616101},"model":"vegasgui/7lottery/001"},{"predicate":{"custom_model_data":5616102},"model":"vegasgui/7lottery/002"},{"predicate":{"custom_model_data":5616103},"model":"vegasgui/7lottery/003"},{"predicate":{"custom_model_data":5616104},"model":"vegasgui/7lottery/004"},{"predicate":{"custom_model_data":5616105},"model":"vegasgui/7lottery/005"},{"predicate":{"custom_model_data":5616106},"model":"vegasgui/7lottery/006"},{"predicate":{"custom_model_data":5616107},"model":"vegasgui/7lottery/007"},{"predicate":{"custom_model_data":5616108},"model":"vegasgui/7lottery/008"},{"predicate":{"custom_model_data":5616109},"model":"vegasgui/7lottery/009"},{"predicate":{"custom_model_data":5616110},"model":"vegasgui/7lottery/010"},{"predicate":{"custom_model_data":5616111},"model":"vegasgui/7lottery/011"},{"predicate":{"custom_model_data":5616112},"model":"vegasgui/7lottery/012"},{"predicate":{"custom_model_data":5616113},"model":"vegasgui/7lottery/013"},{"predicate":{"custom_model_data":5616114},"model":"vegasgui/7lottery/014"},{"predicate":{"custom_model_data":5616115},"model":"vegasgui/7lottery/015"},{"predicate":{"custom_model_data":5616116},"model":"vegasgui/7lottery/016"},{"predicate":{"custom_model_data":5616117},"model":"vegasgui/7lottery/017"},{"predicate":{"custom_model_data":5616118},"model":"vegasgui/7lottery/018"},{"predicate":{"custom_model_data":5616119},"model":"vegasgui/7lottery/019"},{"predicate":{"custom_model_data":5616120},"model":"vegasgui/7lottery/020"},{"predicate":{"custom_model_data":5616121},"model":"vegasgui/7lottery/030"},{"predicate":{"custom_model_data":5616122},"model":"vegasgui/7lottery/040"},{"predicate":{"custom_model_data":5616123},"model":"vegasgui/7lottery/050"},{"predicate":{"custom_model_data":5616124},"model":"vegasgui/7lottery/060"},{"predicate":{"custom_model_data":5616125},"model":"vegasgui/7lottery/070"},{"predicate":{"custom_model_data":5616126},"model":"vegasgui/7lottery/080"},{"predicate":{"custom_model_data":5616127},"model":"vegasgui/7lottery/090"},{"predicate":{"custom_model_data":5616128},"model":"vegasgui/7lottery/100"},{"predicate":{"custom_model_data":5616129},"model":"vegasgui/7lottery/110"},{"predicate":{"custom_model_data":5616130},"model":"vegasgui/7lottery/120"},{"predicate":{"custom_model_data":5616131},"model":"vegasgui/7lottery/130"},{"predicate":{"custom_model_data":5616132},"model":"vegasgui/7lottery/140"},{"predicate":{"custom_model_data":5616133},"model":"vegasgui/7lottery/150"},{"predicate":{"custom_model_data":5616134},"model":"vegasgui/7lottery/160"},{"predicate":{"custom_model_data":5616135},"model":"vegasgui/7lottery/170"},{"predicate":{"custom_model_data":5616136},"model":"vegasgui/7lottery/180"},{"predicate":{"custom_model_data":5616137},"model":"vegasgui/7lottery/190"},{"predicate":{"custom_model_data":5616138},"model":"vegasgui/7lottery/200"},{"predicate":{"custom_model_data":5616139},"model":"vegasgui/7lottery/300"},{"predicate":{"custom_model_data":5616140},"model":"vegasgui/7lottery/400"},{"predicate":{"custom_model_data":5616141},"model":"vegasgui/7lottery/500"},{"predicate":{"custom_model_data":5616142},"model":"vegasgui/7lottery/600"},{"predicate":{"custom_model_data":5616143},"model":"vegasgui/7lottery/700"},{"predicate":{"custom_model_data":5616144},"model":"vegasgui/7lottery/empty"},{"predicate":{"custom_model_data":5617101},"model":"vegasgui/8crash/crash_plane"},{"predicate":{"custom_model_data":5617102},"model":"vegasgui/8crash/crash_line_1"},{"predicate":{"custom_model_data":5617103},"model":"vegasgui/8crash/crash_line_2"},{"predicate":{"custom_model_data":5617104},"model":"vegasgui/8crash/crash_line_3"},{"predicate":{"custom_model_data":5617105},"model":"vegasgui/8crash/crash_line_4"},{"predicate":{"custom_model_data":5617106},"model":"vegasgui/8crash/crash_line_5"},{"predicate":{"custom_model_data":5617107},"model":"vegasgui/8crash/crash_line_6"},{"predicate":{"custom_model_data":5620101},"model":"vegasgui/11rockpaperscissors/rockpaperscissors_fire"},{"predicate":{"custom_model_data":5620102},"model":"vegasgui/11rockpaperscissors/rockpaperscissors_paper"},{"predicate":{"custom_model_data":5620103},"model":"vegasgui/11rockpaperscissors/rockpaperscissors_rock"},{"predicate":{"custom_model_data":5620104},"model":"vegasgui/11rockpaperscissors/rockpaperscissors_scissors"},{"predicate":{"custom_model_data":5620105},"model":"vegasgui/11rockpaperscissors/rockpaperscissors_tree"},{"predicate":{"custom_model_data":5620106},"model":"vegasgui/11rockpaperscissors/rockpaperscissors_well"},{"predicate":{"custom_model_data":5621101},"model":"vegasgui/12tictactoe/tictactoe_circle"},{"predicate":{"custom_model_data":5621102},"model":"vegasgui/12tictactoe/tictactoe_cross"},{"predicate":{"custom_model_data":5621103},"model":"vegasgui/12tictactoe/tictactoe_redcircle"},{"predicate":{"custom_model_data":5621104},"model":"vegasgui/12tictactoe/tictactoe_redcross"},{"predicate":{"custom_model_data":5622102},"model":"vegasgui/13deadmanschest/button_easy"},{"predicate":{"custom_model_data":5622103},"model":"vegasgui/13deadmanschest/button_easy_active"},{"predicate":{"custom_model_data":5622104},"model":"vegasgui/13deadmanschest/button_medium"},{"predicate":{"custom_model_data":5622105},"model":"vegasgui/13deadmanschest/button_medium_active"},{"predicate":{"custom_model_data":5622106},"model":"vegasgui/13deadmanschest/button_hard"},{"predicate":{"custom_model_data":5622107},"model":"vegasgui/13deadmanschest/button_hard_active"},{"predicate":{"custom_model_data":5622108},"model":"vegasgui/13deadmanschest/deadmanschest_chest"},{"predicate":{"custom_model_data":5622109},"model":"vegasgui/13deadmanschest/deadmanschest_tnt"},{"predicate":{"custom_model_data":5622110},"model":"vegasgui/13deadmanschest/button_notready"},{"predicate":{"custom_model_data":5622111},"model":"vegasgui/13deadmanschest/button_rolling"},{"predicate":{"custom_model_data":5622112},"model":"vegasgui/13deadmanschest/balance"},{"predicate":{"custom_model_data":5622113},"model":"vegasgui/13deadmanschest/coefficient"},{"predicate":{"custom_model_data":5623102},"model":"vegasgui/14poker/poker_placed_bet"},{"predicate":{"custom_model_data":5623103},"model":"vegasgui/14poker/poker_players_bet"},{"predicate":{"custom_model_data":5623104},"model":"vegasgui/14poker/number_1"},{"predicate":{"custom_model_data":5623105},"model":"vegasgui/14poker/number_2"},{"predicate":{"custom_model_data":5623106},"model":"vegasgui/14poker/number_3"},{"predicate":{"custom_model_data":5623107},"model":"vegasgui/14poker/number_4"},{"predicate":{"custom_model_data":5623108},"model":"vegasgui/14poker/number_5"},{"predicate":{"custom_model_data":5624101},"model":"vegasgui/15dice/dice_cube_1"},{"predicate":{"custom_model_data":5624102},"model":"vegasgui/15dice/dice_cube_2"},{"predicate":{"custom_model_data":5624103},"model":"vegasgui/15dice/dice_cube_3"},{"predicate":{"custom_model_data":5624104},"model":"vegasgui/15dice/dice_cube_4"},{"predicate":{"custom_model_data":5624105},"model":"vegasgui/15dice/dice_cube_5"},{"predicate":{"custom_model_data":5624106},"model":"vegasgui/15dice/dice_cube_6"},{"predicate":{"custom_model_data":5625101},"model":"vegasgui/16minesweeper/button_easy"},{"predicate":{"custom_model_data":5625102},"model":"vegasgui/16minesweeper/button_easy_active"},{"predicate":{"custom_model_data":5625103},"model":"vegasgui/16minesweeper/button_medium"},{"predicate":{"custom_model_data":5625104},"model":"vegasgui/16minesweeper/button_medium_active"},{"predicate":{"custom_model_data":5625105},"model":"vegasgui/16minesweeper/button_hard"},{"predicate":{"custom_model_data":5625106},"model":"vegasgui/16minesweeper/button_hard_active"},{"predicate":{"custom_model_data":5625107},"model":"vegasgui/16minesweeper/lever_start"},{"predicate":{"custom_model_data":5625108},"model":"vegasgui/16minesweeper/mine"},{"predicate":{"custom_model_data":5625109},"model":"vegasgui/16minesweeper/opened"},{"predicate":{"custom_model_data":5625110},"model":"vegasgui/16minesweeper/stop_button"},{"predicate":{"custom_model_data":5658101},"model":"vegasgui/30main_gui/logo_roulette"},{"predicate":{"custom_model_data":5658102},"model":"vegasgui/30main_gui/logo_darts"},{"predicate":{"custom_model_data":5658103},"model":"vegasgui/30main_gui/logo_drums"},{"predicate":{"custom_model_data":5658104},"model":"vegasgui/30main_gui/logo_races"},{"predicate":{"custom_model_data":5658105},"model":"vegasgui/30main_gui/logo_pyramid"},{"predicate":{"custom_model_data":5658106},"model":"vegasgui/30main_gui/logo_stairs"},{"predicate":{"custom_model_data":5658107},"model":"vegasgui/30main_gui/logo_lottery"},{"predicate":{"custom_model_data":5658108},"model":"vegasgui/30main_gui/logo_crash"},{"predicate":{"custom_model_data":5658109},"model":"vegasgui/30main_gui/logo_classic"},{"predicate":{"custom_model_data":5658110},"model":"vegasgui/30main_gui/logo_blackjack"},{"predicate":{"custom_model_data":5658111},"model":"vegasgui/30main_gui/logo_rockpaperscissors"},{"predicate":{"custom_model_data":5658112},"model":"vegasgui/30main_gui/logo_tictactoe"},{"predicate":{"custom_model_data":5658113},"model":"vegasgui/30main_gui/logo_deadmanschest"},{"predicate":{"custom_model_data":5658114},"model":"vegasgui/30main_gui/logo_poker"},{"predicate":{"custom_model_data":5658115},"model":"vegasgui/30main_gui/logo_dice"},{"predicate":{"custom_model_data":5658116},"model":"vegasgui/30main_gui/logo_minesweeper"},{"predicate":{"custom_model_data":5658122},"model":"vegasgui/30main_gui/chip1"},{"predicate":{"custom_model_data":5658123},"model":"vegasgui/30main_gui/chip2"},{"predicate":{"custom_model_data":5658124},"model":"vegasgui/30main_gui/chip3"}]}