{
	"credit": "",
	"texture_size": [48, 48],
	"textures": {
		"0": "vegastables/blackjack",
		"particle": "vegastables/blackjack"
	},
	"elements": [
		{
			"from": [-16, 14, 2],
			"to": [32, 15, 16],
			"faces": {
				"north": {"uv": [1, 6.33333, 1.08333, 6.66667], "texture": "#0"},
				"east": {"uv": [1, 6.33333, 1.08333, 6.66667], "texture": "#0"},
				"south": {"uv": [1, 6.33333, 1.08333, 6.66667], "texture": "#0"},
				"west": {"uv": [1, 6.33333, 1.08333, 6.66667], "texture": "#0"},
				"up": {"uv": [16, 4.66667, 0, 0], "texture": "#0"},
				"down": {"uv": [0.91667, 5.41667, 0.75, 5.58333], "texture": "#0"}
			}
		},
		{
			"from": [30, 15, 2],
			"to": [32, 16, 16],
			"faces": {
				"north": {"uv": [1, 6, 1.08333, 6.33333], "texture": "#0"},
				"east": {"uv": [1, 6, 1.08333, 6.33333], "texture": "#0"},
				"south": {"uv": [1, 6, 1.08333, 6.33333], "texture": "#0"},
				"west": {"uv": [7.75, 7.33333, 12.41667, 7.66667], "texture": "#0"},
				"up": {"uv": [7.16667, 8.33333, 11.83333, 9], "rotation": 90, "texture": "#0"}
			}
		},
		{
			"from": [-14, 15, 14],
			"to": [2, 16, 16],
			"faces": {
				"north": {"uv": [13.08333, 7.33333, 7.75, 7.66667], "texture": "#0"},
				"east": {"uv": [13.08333, 7.33333, 13.75, 7.66667], "texture": "#0"},
				"south": {"uv": [1, 6, 1.08333, 6.33333], "texture": "#0"},
				"up": {"uv": [4.66667, 10.33333, 10, 9.66667], "texture": "#0"}
			}
		},
		{
			"from": [-5.98954, 15, 3.59792],
			"to": [0.01046, 15.1, 5.59792],
			"rotation": {"angle": 22.5, "axis": "y", "origin": [1.01046, 0, -1.40208]},
			"faces": {
				"north": {"uv": [1, 6.66667, 3, 6.75], "texture": "#0"},
				"east": {"uv": [1, 6.66667, 1.66667, 6.75], "texture": "#0"},
				"south": {"uv": [1, 6.66667, 3, 6.75], "texture": "#0"},
				"west": {"uv": [1, 6.66667, 1.66667, 6.75], "texture": "#0"},
				"up": {"uv": [1, 7.33333, 3, 6.66667], "texture": "#0"}
			}
		},
		{
			"from": [6.5, 15, -5],
			"to": [9.5, 15.1, 0],
			"faces": {
				"north": {"uv": [4.66667, 7.33333, 5.66667, 7.41667], "texture": "#0"},
				"east": {"uv": [4.66667, 7.33333, 5.66667, 7.41667], "texture": "#0"},
				"south": {"uv": [4.66667, 7.33333, 5.66667, 7.41667], "texture": "#0"},
				"west": {"uv": [4.66667, 7.33333, 5.66667, 7.41667], "texture": "#0"},
				"up": {"uv": [5.66667, 9, 4.66667, 7.33333], "texture": "#0"}
			}
		},
		{
			"from": [17, 15, -10],
			"to": [20, 15.1, -5],
			"rotation": {"angle": -22.5, "axis": "y", "origin": [0, 0, 0]},
			"faces": {
				"north": {"uv": [4.66667, 7.33333, 5.66667, 7.41667], "texture": "#0"},
				"east": {"uv": [4.66667, 7.33333, 5.66667, 7.41667], "texture": "#0"},
				"south": {"uv": [4.66667, 7.33333, 5.66667, 7.41667], "texture": "#0"},
				"west": {"uv": [4.66667, 7.33333, 5.66667, 7.41667], "texture": "#0"},
				"up": {"uv": [5.66667, 9, 4.66667, 7.33333], "texture": "#0"}
			}
		},
		{
			"from": [24, 15, 6],
			"to": [29, 15.1, 9],
			"faces": {
				"north": {"uv": [4.66667, 7.33333, 5.66667, 7.41667], "texture": "#0"},
				"east": {"uv": [4.66667, 7.33333, 5.66667, 7.41667], "texture": "#0"},
				"south": {"uv": [4.66667, 7.33333, 5.66667, 7.41667], "texture": "#0"},
				"west": {"uv": [4.66667, 7.33333, 5.66667, 7.41667], "texture": "#0"},
				"up": {"uv": [5.66667, 9, 4.66667, 7.33333], "rotation": 90, "texture": "#0"}
			}
		},
		{
			"from": [-5, 15, -4],
			"to": [-2, 15.1, 1],
			"rotation": {"angle": 22.5, "axis": "y", "origin": [0, 0, 0]},
			"faces": {
				"north": {"uv": [4.66667, 7.33333, 5.66667, 7.41667], "texture": "#0"},
				"east": {"uv": [4.66667, 7.33333, 5.66667, 7.41667], "texture": "#0"},
				"south": {"uv": [4.66667, 7.33333, 5.66667, 7.41667], "texture": "#0"},
				"west": {"uv": [4.66667, 7.33333, 5.66667, 7.41667], "texture": "#0"},
				"up": {"uv": [5.66667, 9, 4.66667, 7.33333], "texture": "#0"}
			}
		},
		{
			"from": [-13, 15, 6],
			"to": [-8, 15.1, 9],
			"faces": {
				"north": {"uv": [4.66667, 7.33333, 5.66667, 7.41667], "texture": "#0"},
				"east": {"uv": [4.66667, 7.33333, 5.66667, 7.41667], "texture": "#0"},
				"south": {"uv": [4.66667, 7.33333, 5.66667, 7.41667], "texture": "#0"},
				"west": {"uv": [4.66667, 7.33333, 5.66667, 7.41667], "texture": "#0"},
				"up": {"uv": [4.66667, 7.33333, 5.66667, 9], "rotation": 90, "texture": "#0"}
			}
		},
		{
			"from": [3.5, 15, 9],
			"to": [6.5, 16.4, 13],
			"rotation": {"angle": -45, "axis": "y", "origin": [0, 0, 0]},
			"faces": {
				"north": {"uv": [7.16667, 7.41667, 6.66667, 8.41667], "rotation": 90, "texture": "#0"},
				"east": {"uv": [7.16667, 7.33333, 6.66667, 8.66667], "rotation": 90, "texture": "#0"},
				"south": {"uv": [7.16667, 7.33333, 6.66667, 8.33333], "rotation": 90, "texture": "#0"},
				"west": {"uv": [7.16667, 8.66667, 6.66667, 7.33333], "rotation": 90, "texture": "#0"},
				"up": {"uv": [6.66667, 8.66667, 5.66667, 7.33333], "texture": "#0"}
			}
		},
		{
			"from": [4.1, 15, 7.1],
			"to": [5.9, 15.1, 9.4],
			"rotation": {"angle": -45, "axis": "y", "origin": [0, 0, 0]},
			"faces": {
				"north": {"uv": [1.08333, 6, 1.66667, 6.08333], "texture": "#0"},
				"east": {"uv": [1.08333, 6, 1.66667, 6.08333], "texture": "#0"},
				"south": {"uv": [1.08333, 6, 1.66667, 6.08333], "texture": "#0"},
				"west": {"uv": [1.08333, 6, 1.66667, 6.08333], "texture": "#0"},
				"up": {"uv": [1.66667, 6.66667, 1.08333, 6], "texture": "#0"}
			}
		},
		{
			"from": [4.1, 15.1, 7.3],
			"to": [5.9, 15.2, 9.6],
			"rotation": {"angle": -45, "axis": "y", "origin": [0, 0, 0]},
			"faces": {
				"north": {"uv": [7.16667, 7.33333, 7.75, 7.41667], "texture": "#0"},
				"east": {"uv": [7.16667, 7.33333, 7.75, 7.41667], "texture": "#0"},
				"south": {"uv": [7.16667, 7.33333, 7.75, 7.41667], "texture": "#0"},
				"west": {"uv": [7.16667, 7.33333, 7.75, 7.41667], "texture": "#0"},
				"up": {"uv": [7.75, 8.08333, 7.16667, 7.33333], "texture": "#0"}
			}
		},
		{
			"from": [4.1, 15.2, 7.6],
			"to": [5.9, 15.3, 9.9],
			"rotation": {"angle": -45, "axis": "y", "origin": [0, 0, 0]},
			"faces": {
				"north": {"uv": [1.08333, 6, 1.16667, 6.08333], "texture": "#0"},
				"east": {"uv": [1.08333, 6, 1.16667, 6.08333], "texture": "#0"},
				"south": {"uv": [1.08333, 6, 1.16667, 6.08333], "texture": "#0"},
				"west": {"uv": [1.08333, 6, 1.16667, 6.08333], "texture": "#0"},
				"up": {"uv": [1.66667, 6.66667, 1.08333, 6], "texture": "#0"}
			}
		},
		{
			"from": [4.1, 15.3, 7.9],
			"to": [5.9, 15.4, 10.2],
			"rotation": {"angle": -45, "axis": "y", "origin": [0, 0, 0]},
			"faces": {
				"north": {"uv": [7.16667, 7.33333, 7.75, 7.41667], "texture": "#0"},
				"east": {"uv": [7.16667, 7.33333, 7.75, 7.41667], "texture": "#0"},
				"south": {"uv": [7.16667, 7.33333, 7.75, 7.41667], "texture": "#0"},
				"west": {"uv": [7.16667, 7.33333, 7.75, 7.41667], "texture": "#0"},
				"up": {"uv": [7.75, 8.08333, 7.16667, 7.33333], "texture": "#0"}
			}
		},
		{
			"from": [4.1, 15.4, 8.2],
			"to": [5.9, 15.5, 10.5],
			"rotation": {"angle": -45, "axis": "y", "origin": [0, 0, 0]},
			"faces": {
				"north": {"uv": [1.08333, 6, 1.66667, 6.08333], "texture": "#0"},
				"east": {"uv": [1.08333, 6, 1.66667, 6.08333], "texture": "#0"},
				"south": {"uv": [1.08333, 6, 1.66667, 6.08333], "texture": "#0"},
				"west": {"uv": [1.08333, 6, 1.16667, 6.08333], "texture": "#0"},
				"up": {"uv": [1.66667, 6.66667, 1.08333, 6], "texture": "#0"}
			}
		},
		{
			"from": [14.83524, 15, -2.59906],
			"to": [20.83524, 15.1, -0.59906],
			"rotation": {"angle": -22.5, "axis": "y", "origin": [-1.16476, 0, -1.59906]},
			"faces": {
				"north": {"uv": [1, 6.66667, 3, 6.75], "texture": "#0"},
				"east": {"uv": [1.41667, 6.66667, 2.08333, 6.75], "texture": "#0"},
				"south": {"uv": [1, 6.66667, 3, 6.75], "texture": "#0"},
				"west": {"uv": [1.25, 6.66667, 1.91667, 6.75], "texture": "#0"},
				"up": {"uv": [3, 7.33333, 1, 6.66667], "texture": "#0"}
			}
		},
		{
			"from": [2, 15, 3.6],
			"to": [14, 15.1, 5.6],
			"rotation": {"angle": 0, "axis": "y", "origin": [0, 0, 0.6]},
			"faces": {
				"north": {"uv": [1.33333, 7.25, 2.66667, 7.33333], "texture": "#0"},
				"east": {"uv": [1.41667, 6.66667, 2.08333, 6.75], "texture": "#0"},
				"south": {"uv": [1.33333, 6.66667, 2.25, 6.75], "texture": "#0"},
				"west": {"uv": [1, 6.66667, 1.66667, 6.75], "texture": "#0"},
				"up": {"uv": [2.5, 7.33333, 1.41667, 6.66667], "texture": "#0"}
			}
		},
		{
			"from": [14, 15, 14],
			"to": [30, 16, 16],
			"faces": {
				"north": {"uv": [7.75, 7.33333, 13.08333, 7.66667], "texture": "#0"},
				"south": {"uv": [1, 6, 1.08333, 6.33333], "texture": "#0"},
				"west": {"uv": [13.75, 7.33333, 13.08333, 7.66667], "texture": "#0"},
				"up": {"uv": [10, 10.33333, 4.66667, 9.66667], "texture": "#0"}
			}
		},
		{
			"from": [10.4, 15, 9],
			"to": [11.4, 16, 14],
			"faces": {
				"north": {"uv": [0.58333, 5.41667, 0.66667, 5.5], "texture": "#0"},
				"east": {"uv": [0.58333, 7, 0.66667, 5.33333], "rotation": 90, "texture": "#0"},
				"south": {"uv": [0.58333, 5.33333, 0.66667, 5.41667], "texture": "#0"},
				"west": {"uv": [0.58333, 5.33333, 0.66667, 7], "rotation": 90, "texture": "#0"},
				"up": {"uv": [0.66667, 7, 0.58333, 5.33333], "texture": "#0"},
				"down": {"uv": [0.66667, 7, 0.58333, 5.33333], "texture": "#0"}
			}
		},
		{
			"from": [8.7, 15, 9],
			"to": [10.1, 15.8, 14],
			"faces": {
				"north": {"uv": [0.66667, 5.41667, 0.75, 5.5], "texture": "#0"},
				"east": {"uv": [0.66667, 7, 0.75, 5.33333], "rotation": 90, "texture": "#0"},
				"south": {"uv": [0.66667, 5.33333, 0.75, 5.41667], "texture": "#0"},
				"west": {"uv": [0.66667, 5.33333, 0.75, 7], "rotation": 90, "texture": "#0"},
				"up": {"uv": [0.75, 7, 0.66667, 5.33333], "texture": "#0"},
				"down": {"uv": [0.75, 7, 0.66667, 5.33333], "texture": "#0"}
			}
		},
		{
			"from": [8.9, 15, 9],
			"to": [9.9, 16, 14],
			"faces": {
				"north": {"uv": [0.66667, 5.41667, 0.75, 5.5], "texture": "#0"},
				"east": {"uv": [0.66667, 7, 0.75, 5.33333], "rotation": 90, "texture": "#0"},
				"south": {"uv": [0.66667, 5.33333, 0.75, 5.41667], "texture": "#0"},
				"west": {"uv": [0.66667, 5.33333, 0.75, 7], "rotation": 90, "texture": "#0"},
				"up": {"uv": [0.75, 7, 0.66667, 5.33333], "texture": "#0"},
				"down": {"uv": [0.75, 7, 0.66667, 5.33333], "texture": "#0"}
			}
		},
		{
			"from": [7.2, 15, 9],
			"to": [8.6, 15.8, 14],
			"faces": {
				"north": {"uv": [0.33333, 5.41667, 0.41667, 5.5], "texture": "#0"},
				"east": {"uv": [0.33333, 7, 0.41667, 5.33333], "rotation": 90, "texture": "#0"},
				"south": {"uv": [0.33333, 5.33333, 0.41667, 5.41667], "texture": "#0"},
				"west": {"uv": [0.33333, 5.33333, 0.41667, 7], "rotation": 90, "texture": "#0"},
				"up": {"uv": [0.41667, 7, 0.33333, 5.33333], "texture": "#0"},
				"down": {"uv": [0.41667, 5.33333, 0.33333, 7], "texture": "#0"}
			}
		},
		{
			"from": [7.4, 15, 9],
			"to": [8.4, 16, 14],
			"faces": {
				"north": {"uv": [0.33333, 5.41667, 0.41667, 5.5], "texture": "#0"},
				"east": {"uv": [0.33333, 7, 0.41667, 5.33333], "rotation": 90, "texture": "#0"},
				"south": {"uv": [0.33333, 5.33333, 0.41667, 5.41667], "texture": "#0"},
				"west": {"uv": [0.33333, 5.33333, 0.41667, 7], "rotation": 90, "texture": "#0"},
				"up": {"uv": [0.41667, 7, 0.33333, 5.33333], "texture": "#0"},
				"down": {"uv": [0.41667, 7, 0.33333, 5.33333], "texture": "#0"}
			}
		},
		{
			"from": [5.7, 15, 9],
			"to": [7.1, 15.8, 14],
			"faces": {
				"north": {"uv": [0.41667, 5.41667, 0.5, 5.5], "texture": "#0"},
				"east": {"uv": [0.41667, 7, 0.5, 5.33333], "rotation": 90, "texture": "#0"},
				"south": {"uv": [0.41667, 5.33333, 0.5, 5.41667], "texture": "#0"},
				"west": {"uv": [0.41667, 5.33333, 0.5, 7], "rotation": 90, "texture": "#0"},
				"up": {"uv": [0.5, 7, 0.41667, 5.33333], "texture": "#0"},
				"down": {"uv": [0.5, 7, 0.41667, 5.33333], "texture": "#0"}
			}
		},
		{
			"from": [5.9, 15, 9],
			"to": [6.9, 16, 14],
			"faces": {
				"north": {"uv": [0.41667, 5.41667, 0.5, 5.5], "texture": "#0"},
				"east": {"uv": [0.41667, 7, 0.5, 5.33333], "rotation": 90, "texture": "#0"},
				"south": {"uv": [0.41667, 5.33333, 0.5, 5.41667], "texture": "#0"},
				"west": {"uv": [0.41667, 5.33333, 0.5, 7], "rotation": 90, "texture": "#0"},
				"up": {"uv": [0.5, 7, 0.41667, 5.33333], "texture": "#0"},
				"down": {"uv": [0.5, 7, 0.41667, 5.33333], "texture": "#0"}
			}
		},
		{
			"from": [4.2, 15, 9],
			"to": [5.6, 15.8, 14],
			"faces": {
				"north": {"uv": [0.5, 5.41667, 0.58333, 5.5], "texture": "#0"},
				"east": {"uv": [0.5, 7, 0.58333, 5.33333], "rotation": 90, "texture": "#0"},
				"south": {"uv": [0.5, 5.33333, 0.58333, 5.41667], "texture": "#0"},
				"west": {"uv": [0.5, 5.33333, 0.58333, 7], "rotation": 90, "texture": "#0"},
				"up": {"uv": [0.58333, 7, 0.5, 5.33333], "texture": "#0"},
				"down": {"uv": [0.58333, 7, 0.5, 5.33333], "texture": "#0"}
			}
		},
		{
			"from": [4.4, 15, 9],
			"to": [5.4, 16, 14],
			"faces": {
				"north": {"uv": [0.5, 5.41667, 0.58333, 5.5], "texture": "#0"},
				"east": {"uv": [0.5, 7, 0.58333, 5.33333], "rotation": 90, "texture": "#0"},
				"south": {"uv": [0.5, 5.33333, 0.58333, 5.41667], "texture": "#0"},
				"west": {"uv": [0.5, 5.33333, 0.58333, 7], "rotation": 90, "texture": "#0"},
				"up": {"uv": [0.58333, 7, 0.5, 5.33333], "texture": "#0"},
				"down": {"uv": [0.58333, 7, 0.5, 5.33333], "texture": "#0"}
			}
		},
		{
			"from": [10.2, 15, 9],
			"to": [11.6, 15.8, 14],
			"faces": {
				"north": {"uv": [0.58333, 5.41667, 0.66667, 5.5], "texture": "#0"},
				"east": {"uv": [0.58333, 7, 0.66667, 5.33333], "rotation": 90, "texture": "#0"},
				"south": {"uv": [0.58333, 5.33333, 0.66667, 5.41667], "texture": "#0"},
				"west": {"uv": [0.58333, 5.33333, 0.66667, 7], "rotation": 90, "texture": "#0"},
				"up": {"uv": [0.66667, 7, 0.58333, 5.33333], "texture": "#0"},
				"down": {"uv": [0.66667, 7, 0.58333, 5.33333], "texture": "#0"}
			}
		},
		{
			"from": [9.6, 16, 9.2],
			"to": [10.6, 17.2, 13.8],
			"faces": {
				"north": {"uv": [0, 4.75, 0.08333, 4.83333], "texture": "#0"},
				"east": {"uv": [0, 6.16667, 0.08333, 4.66667], "rotation": 90, "texture": "#0"},
				"south": {"uv": [0, 4.66667, 0.08333, 4.75], "texture": "#0"},
				"west": {"uv": [0, 4.66667, 0.08333, 6.16667], "rotation": 90, "texture": "#0"},
				"up": {"uv": [0.08333, 6.16667, 0, 4.66667], "texture": "#0"},
				"down": {"uv": [0.08333, 4.66667, 0, 6.16667], "texture": "#0"}
			}
		},
		{
			"from": [7.9, 16.2, 9.2],
			"to": [9.3, 17, 13.8],
			"faces": {
				"north": {"uv": [0.08333, 4.75, 0.16667, 4.83333], "texture": "#0"},
				"east": {"uv": [0.08333, 6.16667, 0.16667, 4.66667], "rotation": 90, "texture": "#0"},
				"south": {"uv": [0.08333, 4.66667, 0.16667, 4.75], "texture": "#0"},
				"west": {"uv": [0.08333, 4.66667, 0.16667, 6.16667], "rotation": 90, "texture": "#0"},
				"up": {"uv": [0.16667, 6.16667, 0.08333, 4.66667], "texture": "#0"},
				"down": {"uv": [0.16667, 4.66667, 0.08333, 6.16667], "texture": "#0"}
			}
		},
		{
			"from": [8.1, 16, 9.2],
			"to": [9.1, 17.2, 13.8],
			"faces": {
				"north": {"uv": [0.08333, 4.75, 0.16667, 4.83333], "texture": "#0"},
				"east": {"uv": [0.08333, 6.16667, 0.16667, 4.66667], "rotation": 90, "texture": "#0"},
				"south": {"uv": [0.08333, 4.66667, 0.16667, 4.75], "texture": "#0"},
				"west": {"uv": [0.08333, 4.66667, 0.16667, 6.16667], "rotation": 90, "texture": "#0"},
				"up": {"uv": [0.16667, 6.16667, 0.08333, 4.66667], "texture": "#0"},
				"down": {"uv": [0.16667, 4.66667, 0.08333, 6.16667], "texture": "#0"}
			}
		},
		{
			"from": [6.4, 16.2, 9.2],
			"to": [7.8, 17, 13.8],
			"faces": {
				"north": {"uv": [0.16667, 4.75, 0.25, 4.83333], "texture": "#0"},
				"east": {"uv": [0.16667, 6.16667, 0.25, 4.66667], "rotation": 90, "texture": "#0"},
				"south": {"uv": [0.16667, 4.66667, 0.25, 4.75], "texture": "#0"},
				"west": {"uv": [0.16667, 4.66667, 0.25, 6.16667], "rotation": 90, "texture": "#0"},
				"up": {"uv": [0.25, 6.16667, 0.16667, 4.66667], "texture": "#0"},
				"down": {"uv": [0.25, 4.66667, 0.16667, 6.16667], "texture": "#0"}
			}
		},
		{
			"from": [6.6, 16, 9.2],
			"to": [7.6, 17.2, 13.8],
			"faces": {
				"north": {"uv": [0.16667, 4.75, 0.25, 4.83333], "texture": "#0"},
				"east": {"uv": [0.16667, 6.16667, 0.25, 4.66667], "rotation": 90, "texture": "#0"},
				"south": {"uv": [0.16667, 4.66667, 0.25, 4.75], "texture": "#0"},
				"west": {"uv": [0.16667, 4.66667, 0.25, 6.16667], "rotation": 90, "texture": "#0"},
				"up": {"uv": [0.25, 6.16667, 0.16667, 4.66667], "texture": "#0"},
				"down": {"uv": [0.25, 4.66667, 0.16667, 6.16667], "texture": "#0"}
			}
		},
		{
			"from": [4.9, 16.2, 9.2],
			"to": [6.3, 17, 13.8],
			"faces": {
				"north": {"uv": [0.25, 4.75, 0.33333, 4.83333], "texture": "#0"},
				"east": {"uv": [0.25, 6.16667, 0.33333, 4.66667], "rotation": 90, "texture": "#0"},
				"south": {"uv": [0.25, 4.66667, 0.33333, 4.75], "texture": "#0"},
				"west": {"uv": [0.25, 4.66667, 0.33333, 6.16667], "rotation": 90, "texture": "#0"},
				"up": {"uv": [0.33333, 6.16667, 0.25, 4.66667], "texture": "#0"},
				"down": {"uv": [0.33333, 4.66667, 0.25, 6.16667], "texture": "#0"}
			}
		},
		{
			"from": [5.1, 16, 9.2],
			"to": [6.1, 17.2, 13.8],
			"faces": {
				"north": {"uv": [0.25, 4.75, 0.33333, 4.83333], "texture": "#0"},
				"east": {"uv": [0.25, 6.16667, 0.33333, 4.66667], "rotation": 90, "texture": "#0"},
				"south": {"uv": [0.25, 4.66667, 0.33333, 4.75], "texture": "#0"},
				"west": {"uv": [0.25, 4.66667, 0.33333, 6.16667], "rotation": 90, "texture": "#0"},
				"up": {"uv": [0.33333, 6.16667, 0.25, 4.66667], "texture": "#0"},
				"down": {"uv": [0.33333, 4.66667, 0.25, 6.16667], "texture": "#0"}
			}
		},
		{
			"from": [9.4, 16.2, 9.2],
			"to": [10.8, 17, 13.8],
			"faces": {
				"north": {"uv": [0, 4.75, 0.08333, 4.83333], "texture": "#0"},
				"east": {"uv": [0, 6.16667, 0.08333, 4.66667], "rotation": 90, "texture": "#0"},
				"south": {"uv": [0, 4.66667, 0.08333, 4.75], "texture": "#0"},
				"west": {"uv": [0, 4.66667, 0.08333, 6.16667], "rotation": 90, "texture": "#0"},
				"up": {"uv": [0.08333, 6.16667, 0, 4.66667], "texture": "#0"},
				"down": {"uv": [0.08333, 4.66667, 0, 6.16667], "texture": "#0"}
			}
		},
		{
			"from": [-16, 15, 2],
			"to": [-14, 16, 16],
			"faces": {
				"north": {"uv": [1, 6, 1.08333, 6.33333], "texture": "#0"},
				"east": {"uv": [7.75, 7.33333, 12.41667, 7.66667], "texture": "#0"},
				"south": {"uv": [1, 6, 1.08333, 6.33333], "texture": "#0"},
				"west": {"uv": [1, 6, 1.08333, 6.33333], "texture": "#0"},
				"up": {"uv": [7.16667, 9, 11.83333, 8.33333], "rotation": 90, "texture": "#0"}
			}
		},
		{
			"from": [29, 15, 0],
			"to": [31, 16, 2],
			"faces": {
				"north": {"uv": [1, 6, 1.08333, 6.33333], "texture": "#0"},
				"east": {"uv": [1, 6, 1.08333, 6.33333], "texture": "#0"},
				"south": {"uv": [7.75, 7.33333, 8.41667, 7.66667], "texture": "#0"},
				"west": {"uv": [7.75, 7.33333, 8.41667, 7.66667], "texture": "#0"},
				"up": {"uv": [13.66667, 7.33333, 13, 6.66667], "texture": "#0"}
			}
		},
		{
			"from": [-15, 15, 0],
			"to": [-13, 16, 2],
			"faces": {
				"north": {"uv": [1, 6, 1.08333, 6.33333], "texture": "#0"},
				"east": {"uv": [7.75, 7.33333, 8.41667, 7.66667], "texture": "#0"},
				"south": {"uv": [7.75, 7.33333, 8.41667, 7.66667], "texture": "#0"},
				"west": {"uv": [1, 6, 1.08333, 6.33333], "texture": "#0"},
				"up": {"uv": [13, 7.33333, 13.66667, 6.66667], "texture": "#0"}
			}
		},
		{
			"from": [-13, 15, -2],
			"to": [-11, 16, 0],
			"faces": {
				"north": {"uv": [1, 6, 1.08333, 6.33333], "texture": "#0"},
				"east": {"uv": [7.75, 7.33333, 8.41667, 7.66667], "texture": "#0"},
				"south": {"uv": [7.75, 7.33333, 8.41667, 7.66667], "texture": "#0"},
				"west": {"uv": [1, 6, 1.08333, 6.33333], "texture": "#0"},
				"up": {"uv": [13, 7.33333, 13.66667, 6.66667], "texture": "#0"}
			}
		},
		{
			"from": [27, 15, -2],
			"to": [29, 16, 0],
			"faces": {
				"north": {"uv": [1, 6, 1.08333, 6.33333], "texture": "#0"},
				"east": {"uv": [1, 6, 1.08333, 6.33333], "texture": "#0"},
				"south": {"uv": [7.75, 7.33333, 8.41667, 7.66667], "texture": "#0"},
				"west": {"uv": [7.75, 7.33333, 8.41667, 7.66667], "texture": "#0"},
				"up": {"uv": [13.66667, 7.33333, 13, 6.66667], "texture": "#0"}
			}
		},
		{
			"from": [23, 15, -4],
			"to": [27, 16, -2],
			"faces": {
				"north": {"uv": [1, 6, 1.08333, 6.33333], "texture": "#0"},
				"east": {"uv": [1, 6, 1.08333, 6.33333], "texture": "#0"},
				"south": {"uv": [7.75, 7.33333, 9.08333, 7.66667], "texture": "#0"},
				"west": {"uv": [7.75, 7.33333, 8.41667, 7.66667], "texture": "#0"},
				"up": {"uv": [9.08333, 8.33333, 7.75, 7.66667], "texture": "#0"}
			}
		},
		{
			"from": [18, 15, -6],
			"to": [23, 16, -4],
			"faces": {
				"north": {"uv": [1, 6, 1.08333, 6.33333], "texture": "#0"},
				"east": {"uv": [1, 6, 1.08333, 6.33333], "texture": "#0"},
				"south": {"uv": [7.75, 7.33333, 9.41667, 7.66667], "texture": "#0"},
				"west": {"uv": [7.75, 7.33333, 8.41667, 7.66667], "texture": "#0"},
				"up": {"uv": [10.75, 8.33333, 9.08333, 7.66667], "texture": "#0"}
			}
		},
		{
			"from": [-7, 15, -6],
			"to": [-2, 16, -4],
			"faces": {
				"north": {"uv": [1, 6, 1.08333, 6.33333], "texture": "#0"},
				"east": {"uv": [7.75, 7.33333, 8.41667, 7.66667], "texture": "#0"},
				"south": {"uv": [7.75, 7.33333, 9.41667, 7.66667], "texture": "#0"},
				"west": {"uv": [1, 6, 1.08333, 6.33333], "texture": "#0"},
				"up": {"uv": [9.08333, 8.33333, 10.75, 7.66667], "texture": "#0"}
			}
		},
		{
			"from": [-2, 15, -8],
			"to": [18, 16, -6],
			"faces": {
				"north": {"uv": [1, 6, 1.08333, 6.33333], "texture": "#0"},
				"east": {"uv": [1, 6, 1.08333, 6.33333], "texture": "#0"},
				"south": {"uv": [7.75, 7.33333, 12.91667, 7.66667], "texture": "#0"},
				"west": {"uv": [1, 6, 1.08333, 6.33333], "texture": "#0"},
				"up": {"uv": [11.33333, 9.66667, 4.66667, 9], "texture": "#0"}
			}
		},
		{
			"from": [-11, 15, -4],
			"to": [-7, 16, -2],
			"faces": {
				"north": {"uv": [1, 6, 1.08333, 6.33333], "texture": "#0"},
				"east": {"uv": [7.75, 7.33333, 8.41667, 7.66667], "texture": "#0"},
				"south": {"uv": [7.75, 7.33333, 9.08333, 7.66667], "texture": "#0"},
				"west": {"uv": [1, 6, 1.08333, 6.33333], "texture": "#0"},
				"up": {"uv": [7.75, 8.33333, 9.08333, 7.66667], "texture": "#0"}
			}
		},
		{
			"from": [-15, 14, 0],
			"to": [31, 15, 2],
			"faces": {
				"north": {"uv": [1, 6.33333, 1.08333, 6.66667], "texture": "#0"},
				"east": {"uv": [1, 6.33333, 1.08333, 6.66667], "texture": "#0"},
				"west": {"uv": [1, 6.33333, 1.08333, 6.66667], "texture": "#0"},
				"up": {"uv": [15.66667, 5.33333, 0.33333, 4.66667], "texture": "#0"},
				"down": {"uv": [1, 5.33333, 0.75, 5.5], "texture": "#0"}
			}
		},
		{
			"from": [-13, 14, -2],
			"to": [29, 15, 0],
			"faces": {
				"north": {"uv": [1, 6.33333, 1.08333, 6.66667], "texture": "#0"},
				"east": {"uv": [1, 6.33333, 1.08333, 6.66667], "texture": "#0"},
				"west": {"uv": [1, 6.33333, 1.08333, 6.66667], "texture": "#0"},
				"up": {"uv": [15, 6, 1, 5.33333], "texture": "#0"},
				"down": {"uv": [1, 5.33333, 0.75, 5.5], "texture": "#0"}
			}
		},
		{
			"from": [-11, 14, -4],
			"to": [27, 15, -2],
			"faces": {
				"north": {"uv": [1, 6.33333, 1.08333, 6.66667], "texture": "#0"},
				"east": {"uv": [1, 6.33333, 1.08333, 6.66667], "texture": "#0"},
				"west": {"uv": [1, 6.33333, 1.08333, 6.66667], "texture": "#0"},
				"up": {"uv": [14.33333, 6.66667, 1.66667, 6], "texture": "#0"},
				"down": {"uv": [1, 5.33333, 0.75, 5.5], "texture": "#0"}
			}
		},
		{
			"from": [-7, 14, -6],
			"to": [23, 15, -4],
			"faces": {
				"north": {"uv": [1, 6.33333, 1.08333, 6.66667], "texture": "#0"},
				"east": {"uv": [1, 6.33333, 1.08333, 6.66667], "texture": "#0"},
				"west": {"uv": [1, 6.33333, 1.08333, 6.66667], "texture": "#0"},
				"up": {"uv": [13, 7.33333, 3, 6.66667], "texture": "#0"},
				"down": {"uv": [1, 5.33333, 0.75, 5.5], "texture": "#0"}
			}
		},
		{
			"from": [-2, 14, -8],
			"to": [18, 15, -6],
			"faces": {
				"north": {"uv": [1, 6.33333, 1.08333, 6.66667], "texture": "#0"},
				"east": {"uv": [1, 6.33333, 1.08333, 6.66667], "texture": "#0"},
				"west": {"uv": [1, 6.33333, 1.08333, 6.66667], "texture": "#0"},
				"down": {"uv": [1, 5.33333, 0.75, 5.5], "texture": "#0"}
			}
		},
		{
			"from": [-2, 1, 5],
			"to": [2, 14, 9],
			"faces": {
				"north": {"uv": [0, 7.33333, 4.66667, 8.66667], "rotation": 90, "texture": "#0"},
				"east": {"uv": [0, 7.33333, 4.66667, 8.66667], "rotation": 90, "texture": "#0"},
				"south": {"uv": [0, 7.33333, 4.66667, 8.66667], "rotation": 90, "texture": "#0"},
				"west": {"uv": [0, 7.33333, 4.66667, 8.66667], "rotation": 90, "texture": "#0"}
			}
		},
		{
			"from": [-4, 0, 3],
			"to": [4, 1, 11],
			"faces": {
				"north": {"uv": [7.33333, 10.33333, 10, 10.66667], "texture": "#0"},
				"east": {"uv": [7.33333, 10.33333, 10, 10.66667], "texture": "#0"},
				"south": {"uv": [7.33333, 10.33333, 10, 10.66667], "texture": "#0"},
				"west": {"uv": [7.33333, 10.33333, 10, 10.66667], "texture": "#0"},
				"up": {"uv": [1, 5.58333, 0.75, 5.33333], "texture": "#0"},
				"down": {"uv": [1, 5.33333, 0.75, 5.58333], "texture": "#0"}
			}
		},
		{
			"from": [-3, 1, 4],
			"to": [3, 3, 10],
			"faces": {
				"north": {"uv": [2.66667, 8.66667, 4.66667, 9.66667], "texture": "#0"},
				"east": {"uv": [2.66667, 8.66667, 4.66667, 9.66667], "texture": "#0"},
				"south": {"uv": [2.66667, 8.66667, 4.66667, 9.66667], "texture": "#0"},
				"west": {"uv": [2.66667, 8.66667, 4.66667, 9.66667], "texture": "#0"},
				"up": {"uv": [4.66667, 11.66667, 2.66667, 9.66667], "texture": "#0"}
			}
		},
		{
			"from": [-4, 13, 3],
			"to": [4, 14, 11],
			"faces": {
				"north": {"uv": [4.66667, 10.33333, 7.33333, 10.66667], "texture": "#0"},
				"east": {"uv": [4.66667, 10.33333, 7.33333, 10.66667], "texture": "#0"},
				"south": {"uv": [4.66667, 10.33333, 7.33333, 10.66667], "texture": "#0"},
				"west": {"uv": [4.66667, 10.33333, 7.33333, 10.66667], "texture": "#0"},
				"down": {"uv": [2.66667, 8.66667, 0, 11.33333], "texture": "#0"}
			}
		},
		{
			"from": [12, 0, 3],
			"to": [20, 1, 11],
			"faces": {
				"north": {"uv": [7.33333, 10.33333, 10, 10.66667], "texture": "#0"},
				"east": {"uv": [7.33333, 10.33333, 10, 10.66667], "texture": "#0"},
				"south": {"uv": [7.33333, 10.33333, 10, 10.66667], "texture": "#0"},
				"west": {"uv": [7.33333, 10.33333, 10, 10.66667], "texture": "#0"},
				"up": {"uv": [1, 5.58333, 0.75, 5.33333], "texture": "#0"},
				"down": {"uv": [1, 5.33333, 0.75, 5.58333], "texture": "#0"}
			}
		},
		{
			"from": [13, 1, 4],
			"to": [19, 3, 10],
			"faces": {
				"north": {"uv": [2.66667, 8.66667, 4.66667, 9.66667], "texture": "#0"},
				"east": {"uv": [2.66667, 8.66667, 4.66667, 9.66667], "texture": "#0"},
				"south": {"uv": [2.66667, 8.66667, 4.66667, 9.66667], "texture": "#0"},
				"west": {"uv": [2.66667, 8.66667, 4.66667, 9.66667], "texture": "#0"},
				"up": {"uv": [4.66667, 11.66667, 2.66667, 9.66667], "texture": "#0"}
			}
		},
		{
			"from": [14, 1, 5],
			"to": [18, 14, 9],
			"faces": {
				"north": {"uv": [0, 7.33333, 4.66667, 8.66667], "rotation": 90, "texture": "#0"},
				"east": {"uv": [0, 7.33333, 4.66667, 8.66667], "rotation": 90, "texture": "#0"},
				"south": {"uv": [0, 7.33333, 4.66667, 8.66667], "rotation": 90, "texture": "#0"},
				"west": {"uv": [0, 7.33333, 4.66667, 8.66667], "rotation": 90, "texture": "#0"}
			}
		},
		{
			"from": [12, 13, 3],
			"to": [20, 14, 11],
			"faces": {
				"north": {"uv": [4.66667, 10.33333, 7.33333, 10.66667], "texture": "#0"},
				"east": {"uv": [4.66667, 10.33333, 7.33333, 10.66667], "texture": "#0"},
				"south": {"uv": [4.66667, 10.33333, 7.33333, 10.66667], "texture": "#0"},
				"west": {"uv": [4.66667, 10.33333, 7.33333, 10.66667], "texture": "#0"},
				"down": {"uv": [2.66667, 8.66667, 0, 11.33333], "texture": "#0"}
			}
		}
	],
	"display": {
		"thirdperson_righthand": {
			"scale": [0.53, 0.53, 0.53]
		},
		"thirdperson_lefthand": {
			"scale": [0.53, 0.53, 0.53]
		},
		"firstperson_righthand": {
			"translation": [0, -1.25, 0],
			"scale": [0.53, 0.53, 0.53]
		},
		"firstperson_lefthand": {
			"translation": [0, -1.25, 0],
			"scale": [0.53, 0.53, 0.53]
		},
		"ground": {
			"translation": [0, 4.25, 0]
		},
		"gui": {
			"rotation": [90, 180, 0],
			"translation": [0, 2.25, 0],
			"scale": [0.63, 0.63, 0.63]
		},
		"head": {
			"translation": [0, -31.25, 0],
			"scale": [1.49, 1.49, 1.49]
		},
		"fixed": {
			"rotation": [-90, 0, 0],
			"translation": [0, 0, 5]
		}
	},
	"groups": [
		{
			"name": "group",
			"origin": [0, 0, 0],
			"color": 0,
			"children": [
				0,
				1,
				2,
				3,
				4,
				5,
				6,
				7,
				8,
				9,
				10,
				11,
				12,
				13,
				14,
				15,
				16,
				17,
				18,
				19,
				20,
				21,
				22,
				23,
				24,
				25,
				26,
				27,
				28,
				29,
				30,
				31,
				32,
				33,
				34,
				35,
				36,
				37,
				38,
				39,
				40,
				41,
				42,
				43,
				44,
				45,
				46,
				47,
				48,
				49,
				50,
				51,
				52,
				53,
				54,
				55,
				56,
				57,
				58
			]
		}
	]
}