{
	"credit": "",
	"texture_size": [32, 32],
	"textures": {
		"0": "vegastables/classic_new",
		"1": "vegastables/classic_anim",
		"particle": "vegastables/classic_new"
	},
	"elements": [
		{
			"from": [0, 14, 3],
			"to": [16, 31, 3],
			"faces": {
				"north": {"uv": [0, 0, 8.25806, 8.77419], "texture": "#1"},
				"east": {"uv": [0, 0, 0, 8.77419], "texture": "#1"},
				"south": {"uv": [8.25806, 0, 16.51613, 8.77419], "texture": "#1"},
				"west": {"uv": [0, 0, 0, 8.77419], "texture": "#1"}
			}
		},
		{
			"from": [0, 0, 0],
			"to": [16, 14, 0],
			"faces": {
				"north": {"uv": [0, 8.77419, 8.25806, 16], "texture": "#1"},
				"east": {"uv": [0, 0, 0, 7.22581], "texture": "#1"},
				"south": {"uv": [8.25806, 8.77419, 16.51613, 16], "texture": "#1"},
				"west": {"uv": [0, 0, 0, 7.22581], "texture": "#1"},
				"down": {"uv": [8.25806, 0, 0, 0], "texture": "#1"}
			}
		},
		{
			"from": [0, 0, 0],
			"to": [16, 14, 16],
			"faces": {
				"east": {"uv": [0, 1.3617, 5.44681, 6.12766], "texture": "#0"},
				"south": {"uv": [0, 6.12766, 5.44681, 10.89362], "texture": "#0"},
				"west": {"uv": [0, 11.23404, 5.44681, 16], "texture": "#0"},
				"down": {"uv": [10.89362, 5.78723, 5.44681, 11.23404], "texture": "#0"}
			}
		},
		{
			"from": [0, 9.15076, -10.29289],
			"to": [16, 13.15076, -8.09289],
			"rotation": {"angle": 45, "axis": "x", "origin": [0, -0.84924, 0.70711]},
			"faces": {
				"north": {"uv": [0, 0, 5.44681, 1.3617], "texture": "#0"},
				"east": {"uv": [10.89362, 12.25532, 11.57447, 13.61702], "texture": "#0"},
				"west": {"uv": [11.57447, 12.25532, 10.89362, 13.61702], "texture": "#0"},
				"up": {"uv": [2.7234, 3.14894, 3.23404, 3.65957], "texture": "#0"}
			}
		},
		{
			"from": [12, 10.15076, -10.49289],
			"to": [14, 12.15076, -10.29289],
			"rotation": {"angle": 45, "axis": "x", "origin": [0, -0.84924, 0.70711]},
			"faces": {
				"north": {"uv": [10.89362, 11.57447, 11.57447, 12.25532], "texture": "#0"},
				"east": {"uv": [10.89362, 11.57447, 10.97872, 12.25532], "texture": "#0"},
				"west": {"uv": [10.89362, 11.57447, 10.97872, 12.25532], "texture": "#0"},
				"up": {"uv": [10.97872, 12.25532, 10.89362, 11.57447], "rotation": 90, "texture": "#0"},
				"down": {"uv": [10.89362, 12.25532, 10.97872, 11.57447], "rotation": 90, "texture": "#0"}
			}
		},
		{
			"from": [9.5, 11.25076, -10.49289],
			"to": [11.5, 12.15076, -10.29289],
			"rotation": {"angle": 45, "axis": "x", "origin": [0, -0.84924, 0.70711]},
			"faces": {
				"north": {"uv": [10.89362, 11.57447, 11.57447, 11.91489], "texture": "#0"},
				"east": {"uv": [10.89362, 11.57447, 10.97872, 11.91489], "texture": "#0"},
				"west": {"uv": [10.89362, 11.57447, 10.97872, 11.91489], "texture": "#0"},
				"up": {"uv": [10.97872, 12.25532, 10.89362, 11.57447], "rotation": 90, "texture": "#0"},
				"down": {"uv": [10.89362, 12.25532, 10.97872, 11.57447], "rotation": 90, "texture": "#0"}
			}
		},
		{
			"from": [9.6, 11.35076, -10.69289],
			"to": [11.4, 12.05076, -10.49289],
			"rotation": {"angle": 45, "axis": "x", "origin": [0, -0.84924, 0.70711]},
			"faces": {
				"north": {"uv": [12.59574, 11.82979, 13.19149, 12.08511], "texture": "#0"},
				"east": {"uv": [12.59574, 11.82979, 12.68085, 12.08511], "texture": "#0"},
				"west": {"uv": [13.10638, 11.82979, 13.19149, 12.08511], "texture": "#0"},
				"up": {"uv": [13.19149, 11.91489, 12.59574, 11.82979], "texture": "#0"},
				"down": {"uv": [13.19149, 12, 12.59574, 12.08511], "texture": "#0"}
			}
		},
		{
			"from": [9.5, 10.15076, -10.49289],
			"to": [11.5, 11.05076, -10.29289],
			"rotation": {"angle": 45, "axis": "x", "origin": [0, -0.84924, 0.70711]},
			"faces": {
				"north": {"uv": [10.89362, 11.57447, 11.57447, 11.91489], "texture": "#0"},
				"east": {"uv": [10.89362, 11.57447, 10.97872, 11.91489], "texture": "#0"},
				"west": {"uv": [10.89362, 11.57447, 10.97872, 11.91489], "texture": "#0"},
				"up": {"uv": [10.97872, 12.25532, 10.89362, 11.57447], "rotation": 90, "texture": "#0"},
				"down": {"uv": [10.89362, 12.25532, 10.97872, 11.57447], "rotation": 90, "texture": "#0"}
			}
		},
		{
			"from": [9.6, 10.25076, -10.69289],
			"to": [11.4, 10.95076, -10.49289],
			"rotation": {"angle": 45, "axis": "x", "origin": [0, -0.84924, 0.70711]},
			"faces": {
				"north": {"uv": [12.59574, 11.57447, 13.19149, 11.82979], "texture": "#0"},
				"east": {"uv": [12.59574, 11.57447, 12.68085, 11.82979], "texture": "#0"},
				"west": {"uv": [13.10638, 11.57447, 13.19149, 11.82979], "texture": "#0"},
				"up": {"uv": [13.19149, 11.65957, 12.59574, 11.57447], "texture": "#0"},
				"down": {"uv": [13.19149, 11.74468, 12.59574, 11.82979], "texture": "#0"}
			}
		},
		{
			"from": [12.2, 10.35076, -10.99289],
			"to": [13.8, 11.95076, -10.49289],
			"rotation": {"angle": 45, "axis": "x", "origin": [0, -0.84924, 0.70711]},
			"faces": {
				"north": {"uv": [11.57447, 11.57447, 12.08511, 12.08511], "texture": "#0"},
				"east": {"uv": [11.57447, 11.57447, 11.65957, 12.08511], "texture": "#0"},
				"west": {"uv": [11.57447, 11.57447, 11.65957, 12.08511], "texture": "#0"},
				"up": {"uv": [11.65957, 12.08511, 11.57447, 11.57447], "rotation": 90, "texture": "#0"},
				"down": {"uv": [11.57447, 12.08511, 11.65957, 11.57447], "rotation": 90, "texture": "#0"}
			}
		},
		{
			"from": [7, 10.15076, -10.49289],
			"to": [9, 12.15076, -10.29289],
			"rotation": {"angle": 45, "axis": "x", "origin": [0, -0.84924, 0.70711]},
			"faces": {
				"north": {"uv": [10.89362, 11.57447, 11.57447, 12.25532], "texture": "#0"},
				"east": {"uv": [10.89362, 11.57447, 10.97872, 12.25532], "texture": "#0"},
				"west": {"uv": [10.89362, 11.57447, 10.97872, 12.25532], "texture": "#0"},
				"up": {"uv": [11.57447, 11.65957, 10.89362, 11.57447], "texture": "#0"},
				"down": {"uv": [11.57447, 11.57447, 10.89362, 11.65957], "texture": "#0"}
			}
		},
		{
			"from": [7.2, 10.35076, -10.99289],
			"to": [8.8, 11.95076, -10.49289],
			"rotation": {"angle": 45, "axis": "x", "origin": [0, -0.84924, 0.70711]},
			"faces": {
				"north": {"uv": [12.08511, 11.57447, 12.59574, 12.08511], "texture": "#0"},
				"east": {"uv": [12.08511, 11.57447, 12.17021, 12.08511], "texture": "#0"},
				"west": {"uv": [12.08511, 11.57447, 12.17021, 12.08511], "texture": "#0"},
				"up": {"uv": [12.59574, 11.65957, 12.08511, 11.57447], "texture": "#0"},
				"down": {"uv": [12.59574, 11.57447, 12.08511, 11.65957], "texture": "#0"}
			}
		},
		{
			"from": [0, 14, 3],
			"to": [16, 31, 16],
			"faces": {
				"east": {"uv": [10.89362, 0, 15.31915, 5.78723], "texture": "#0"},
				"south": {"uv": [5.44681, 0, 10.89362, 5.78723], "texture": "#0"},
				"west": {"uv": [10.89362, 5.78723, 15.31915, 11.57447], "texture": "#0"}
			}
		},
		{
			"from": [0, 31, 2],
			"to": [16, 32, 16],
			"faces": {
				"north": {"uv": [15.65957, 5.78723, 15.31915, 11.23404], "rotation": 90, "texture": "#0"},
				"east": {"uv": [15.65957, 10.6383, 15.31915, 5.87234], "rotation": 90, "texture": "#0"},
				"south": {"uv": [15.65957, 5.78723, 15.31915, 11.23404], "rotation": 90, "texture": "#0"},
				"west": {"uv": [15.65957, 6.04255, 15.31915, 10.80851], "rotation": 90, "texture": "#0"},
				"up": {"uv": [10.89362, 16, 5.44681, 11.23404], "texture": "#0"},
				"down": {"uv": [10.89362, 5.87234, 5.44681, 10.6383], "texture": "#0"}
			}
		},
		{
			"from": [0, 16.5, 2.5],
			"to": [1, 31, 3],
			"faces": {
				"north": {"uv": [15.65957, 0, 15.31915, 5.78723], "texture": "#0"},
				"east": {"uv": [15.48936, 0, 15.65957, 5.78723], "texture": "#0"},
				"west": {"uv": [15.31915, 0, 15.48936, 5.78723], "texture": "#0"}
			}
		},
		{
			"from": [2, 14.3, 0.5],
			"to": [5, 16.6, 3],
			"faces": {
				"north": {"uv": [11.57447, 12.93617, 12.59574, 13.70213], "texture": "#0"},
				"east": {"uv": [12.59574, 12.08511, 13.44681, 12.85106], "texture": "#0"},
				"west": {"uv": [12.59574, 12.08511, 13.44681, 12.85106], "texture": "#0"},
				"up": {"uv": [12.59574, 12.93617, 11.57447, 12.08511], "texture": "#0"}
			}
		},
		{
			"from": [15, 16.5, 2.5],
			"to": [16, 31, 3],
			"faces": {
				"north": {"uv": [15.31915, 0, 15.65957, 5.78723], "texture": "#0"},
				"east": {"uv": [15.48936, 0, 15.31915, 5.78723], "texture": "#0"},
				"west": {"uv": [15.65957, 0, 15.48936, 5.78723], "texture": "#0"}
			}
		},
		{
			"from": [1, 30, 2.5],
			"to": [15, 31, 3],
			"faces": {
				"north": {"uv": [15.31915, 0.59574, 15.65957, 5.3617], "rotation": 90, "texture": "#0"},
				"down": {"uv": [15.48936, 5.3617, 15.65957, 0.59574], "rotation": 90, "texture": "#0"}
			}
		}
	],
	"display": {
		"thirdperson_righthand": {
			"rotation": [69, 0, 0],
			"scale": [0.5, 0.5, 0.5]
		},
		"thirdperson_lefthand": {
			"rotation": [69, 0, 0],
			"scale": [0.5, 0.5, 0.5]
		},
		"firstperson_righthand": {
			"rotation": [0, 180, 0],
			"scale": [0.5, 0.5, 0.5]
		},
		"firstperson_lefthand": {
			"rotation": [0, -180, 0],
			"scale": [0.5, 0.5, 0.5]
		},
		"ground": {
			"translation": [0, 4.75, 0]
		},
		"gui": {
			"rotation": [0, 180, 0]
		},
		"head": {
			"translation": [0, -31.25, 0],
			"scale": [1.5, 1.5, 1.5]
		}
	},
	"groups": [
		0,
		1,
		{
			"name": "group",
			"origin": [0, 0, 0],
			"color": 0,
			"children": [2, 3, 4, 5, 6, 7, 8, 9, 10, 11, 12, 13, 14, 15, 16, 17]
		}
	]
}