{
	"credit": "",
	"texture_size": [50, 50],
	"textures": {
		"0": "vegastables/lottery",
		"particle": "vegastables/lottery"
	},
	"elements": [
		{
			"from": [1, 14, 1],
			"to": [15, 16, 15],
			"faces": {
				"north": {"uv": [0, 13.44, 4.48, 14.08], "texture": "#0"},
				"east": {"uv": [0, 13.44, 4.48, 14.08], "texture": "#0"},
				"south": {"uv": [0, 13.44, 4.48, 14.08], "texture": "#0"},
				"west": {"uv": [0, 13.44, 4.48, 14.08], "texture": "#0"},
				"up": {"uv": [9.6, 4.48, 5.12, 0], "texture": "#0"},
				"down": {"uv": [9.6, 4.48, 5.12, 8.96], "texture": "#0"}
			}
		},
		{
			"from": [5, 17, 4],
			"to": [11, 18, 12],
			"faces": {
				"north": {"uv": [13.44, 1.92, 15.36, 2.24], "texture": "#0"},
				"east": {"uv": [0.64, 12.16, 3.2, 12.48], "texture": "#0"},
				"south": {"uv": [13.44, 3.52, 15.36, 3.84], "texture": "#0"},
				"west": {"uv": [0.64, 12.16, 3.2, 12.48], "texture": "#0"},
				"down": {"uv": [15.36, 3.36, 13.44, 5.92], "texture": "#0"}
			}
		},
		{
			"from": [5, 26, 4],
			"to": [11, 27, 12],
			"faces": {
				"north": {"uv": [0, 12.8, 1.92, 13.12], "texture": "#0"},
				"east": {"uv": [0.64, 9.28, 3.2, 9.6], "texture": "#0"},
				"south": {"uv": [13.44, 3.52, 15.36, 3.84], "texture": "#0"},
				"west": {"uv": [0.64, 9.28, 3.2, 9.6], "texture": "#0"},
				"up": {"uv": [15.36, 6.08, 13.44, 3.52], "texture": "#0"}
			}
		},
		{
			"from": [5, 16, 5],
			"to": [11, 17, 11],
			"faces": {
				"north": {"uv": [1.92, 13.12, 3.84, 13.44], "texture": "#0"},
				"east": {"uv": [0.96, 12.48, 2.88, 12.8], "texture": "#0"},
				"south": {"uv": [13.44, 3.44, 15.36, 3.76], "texture": "#0"},
				"west": {"uv": [0.96, 12.48, 2.88, 12.8], "texture": "#0"}
			}
		},
		{
			"from": [5, 27, 5],
			"to": [11, 28, 11],
			"faces": {
				"north": {"uv": [13.44, 1.92, 15.36, 2.24], "texture": "#0"},
				"east": {"uv": [0.96, 8.96, 2.88, 9.28], "texture": "#0"},
				"south": {"uv": [13.44, 3.84, 15.36, 4.16], "texture": "#0"},
				"west": {"uv": [0.96, 8.96, 2.88, 9.28], "texture": "#0"},
				"up": {"uv": [15.36, 5.44, 13.44, 3.52], "texture": "#0"}
			}
		},
		{
			"from": [4, 17.5, 6.5],
			"to": [5, 18.5, 9.5],
			"faces": {
				"north": {"uv": [10.88, 8.64, 11.2, 8.96], "texture": "#0"},
				"south": {"uv": [11.2, 8.64, 11.52, 8.96], "texture": "#0"},
				"up": {"uv": [5.12, 8.32, 4.8, 7.36], "texture": "#0"},
				"down": {"uv": [0.32, 11.84, 0, 12.8], "texture": "#0"}
			}
		},
		{
			"from": [9.06473, 15.46408, 6.5],
			"to": [11.76473, 16.46408, 9.5],
			"rotation": {"angle": 22.5, "axis": "z", "origin": [2.76473, -2.03592, 3]},
			"faces": {
				"north": {"uv": [13.44, 0.32, 14.32, 0.64], "texture": "#0"},
				"south": {"uv": [14.48, 0, 15.36, 0.32], "texture": "#0"},
				"up": {"uv": [10.48, 8.64, 9.6, 7.68], "texture": "#0"},
				"down": {"uv": [11.44, 7.68, 10.56, 8.64], "texture": "#0"}
			}
		},
		{
			"from": [9.14741, 16.5402, 9],
			"to": [12.14741, 17.0402, 9.5],
			"rotation": {"angle": 22.5, "axis": "z", "origin": [3.14741, -1.9598, 3]},
			"faces": {
				"north": {"uv": [11.84, 12.32, 12.8, 12.48], "texture": "#0"},
				"south": {"uv": [11.84, 12.48, 12.8, 12.64], "texture": "#0"},
				"up": {"uv": [12.8, 12, 11.84, 11.84], "texture": "#0"}
			}
		},
		{
			"from": [9.24741, 16.5402, 6.5],
			"to": [12.14741, 17.0402, 7],
			"rotation": {"angle": 22.5, "axis": "z", "origin": [3.14741, -1.9598, 3]},
			"faces": {
				"north": {"uv": [11.84, 12, 12.8, 12.16], "texture": "#0"},
				"south": {"uv": [11.84, 12.08, 12.8, 12.24], "texture": "#0"},
				"up": {"uv": [14.4, 7.2, 13.44, 7.04], "texture": "#0"}
			}
		},
		{
			"from": [4, 18.5, 6.5],
			"to": [5, 19.5, 7.5],
			"faces": {
				"north": {"uv": [4.16, 11.04, 3.84, 11.36], "texture": "#0"},
				"east": {"uv": [3.84, 13.76, 4.16, 14.08], "texture": "#0"},
				"south": {"uv": [4.16, 8, 4.48, 8.32], "texture": "#0"},
				"west": {"uv": [3.84, 8, 4.16, 8.32], "texture": "#0"},
				"up": {"uv": [4.8, 8.32, 4.48, 8], "texture": "#0"}
			}
		},
		{
			"from": [4.7, 21, 7],
			"to": [5, 23, 9],
			"faces": {
				"north": {"uv": [1.6, 10.56, 1.68, 11.2], "texture": "#0"},
				"south": {"uv": [1.6, 10.56, 1.68, 11.2], "texture": "#0"},
				"west": {"uv": [1.6, 10.56, 2.24, 11.2], "texture": "#0"},
				"up": {"uv": [1.68, 11.2, 1.6, 10.56], "texture": "#0"},
				"down": {"uv": [1.68, 10.56, 1.6, 11.2], "texture": "#0"}
			}
		},
		{
			"from": [-1, 16.5, 0.5],
			"to": [2, 17.5, 9.5],
			"faces": {
				"north": {"uv": [14.4, 0.32, 15.36, 0.64], "texture": "#0"},
				"east": {"uv": [5.12, 14.08, 8, 14.4], "texture": "#0"},
				"south": {"uv": [13.44, 0, 14.4, 0.32], "texture": "#0"},
				"west": {"uv": [5.12, 14.4, 8, 14.72], "texture": "#0"},
				"up": {"uv": [4.8, 8, 3.84, 5.12], "texture": "#0"},
				"down": {"uv": [4.08, 9.28, 4, 9.36], "texture": "#0"}
			}
		},
		{
			"from": [-1, 17.5, 9],
			"to": [2, 18, 9.5],
			"faces": {
				"north": {"uv": [11.84, 12.48, 12.8, 12.64], "texture": "#0"},
				"south": {"uv": [11.84, 12, 12.8, 12.16], "texture": "#0"},
				"west": {"uv": [0.48, 8.96, 0.64, 9.12], "texture": "#0"},
				"up": {"uv": [15.36, 7.2, 14.4, 7.04], "texture": "#0"}
			}
		},
		{
			"from": [-1, 17.5, 0.5],
			"to": [-0.5, 18, 9],
			"faces": {
				"north": {"uv": [0.48, 8.96, 0.64, 9.12], "texture": "#0"},
				"east": {"uv": [15.68, 0, 15.84, 2.72], "rotation": 90, "texture": "#0"},
				"west": {"uv": [15.84, 2.72, 15.68, 5.44], "rotation": 90, "texture": "#0"},
				"up": {"uv": [11.68, 14.24, 11.52, 11.52], "texture": "#0"}
			}
		},
		{
			"from": [1.5, 17.5, 0.5],
			"to": [2, 18, 7],
			"faces": {
				"north": {"uv": [0.48, 8.96, 0.64, 9.12], "texture": "#0"},
				"east": {"uv": [15.84, 5.44, 15.68, 7.52], "rotation": 90, "texture": "#0"},
				"west": {"uv": [15.68, 0.64, 15.84, 2.72], "rotation": 90, "texture": "#0"},
				"up": {"uv": [11.84, 13.6, 11.68, 11.52], "texture": "#0"}
			}
		},
		{
			"from": [7.5, 8.9, 12.5],
			"to": [8.5, 9.9, 16.5],
			"rotation": {"angle": -45, "axis": "x", "origin": [0, 0, 0]},
			"faces": {
				"east": {"uv": [14.88, 7.36, 13.6, 7.68], "texture": "#0"},
				"west": {"uv": [4.32, 12.8, 3.04, 13.12], "texture": "#0"},
				"up": {"uv": [3.04, 12.8, 1.76, 13.12], "rotation": 90, "texture": "#0"},
				"down": {"uv": [4.16, 11.04, 3.84, 12.32], "texture": "#0"}
			}
		},
		{
			"from": [7.5, 20.2, -4.7],
			"to": [8.5, 21.2, -0.7],
			"rotation": {"angle": 45, "axis": "x", "origin": [0, 0, 0]},
			"faces": {
				"east": {"uv": [13.44, 7.36, 14.72, 7.68], "texture": "#0"},
				"west": {"uv": [3.2, 12.8, 4.48, 13.12], "texture": "#0"},
				"up": {"uv": [1.92, 12.8, 3.2, 13.12], "rotation": 90, "texture": "#0"},
				"down": {"uv": [4.16, 11.04, 3.84, 12.32], "texture": "#0"}
			}
		},
		{
			"from": [-0.5, 17.5, 0.5],
			"to": [1.5, 18, 1],
			"faces": {
				"north": {"uv": [4, 8.32, 3.84, 8.96], "rotation": 90, "texture": "#0"},
				"south": {"uv": [11.84, 12.64, 12.48, 12.8], "texture": "#0"},
				"up": {"uv": [12.48, 12.96, 11.84, 12.8], "texture": "#0"}
			}
		},
		{
			"from": [4, 18.5, 8.5],
			"to": [5, 19.5, 9.5],
			"faces": {
				"north": {"uv": [2.88, 8.96, 3.2, 9.28], "texture": "#0"},
				"south": {"uv": [3.84, 11.04, 4.16, 11.36], "texture": "#0"},
				"west": {"uv": [3.84, 11.36, 4.16, 11.68], "texture": "#0"},
				"up": {"uv": [4.16, 12, 3.84, 11.68], "texture": "#0"},
				"down": {"uv": [4.16, 12, 3.84, 12.32], "texture": "#0"}
			}
		},
		{
			"from": [5, 18, 3],
			"to": [11, 19, 13],
			"faces": {
				"north": {"uv": [13.44, 2.88, 15.36, 3.2], "texture": "#0"},
				"east": {"uv": [0.32, 11.84, 3.52, 12.16], "texture": "#0"},
				"south": {"uv": [0, 13.12, 1.92, 13.44], "texture": "#0"},
				"west": {"uv": [0.32, 11.84, 3.52, 12.16], "texture": "#0"},
				"down": {"uv": [15.36, 3.52, 13.44, 6.72], "texture": "#0"}
			}
		},
		{
			"from": [5, 25, 3],
			"to": [11, 26, 13],
			"faces": {
				"north": {"uv": [13.44, 2.24, 15.36, 2.56], "texture": "#0"},
				"east": {"uv": [0.32, 9.6, 3.52, 9.92], "texture": "#0"},
				"south": {"uv": [13.44, 3.84, 15.36, 4.16], "texture": "#0"},
				"west": {"uv": [0.32, 9.6, 3.52, 9.92], "texture": "#0"},
				"up": {"uv": [15.36, 7.04, 13.44, 3.84], "texture": "#0"}
			}
		},
		{
			"from": [5, 19, 2],
			"to": [11, 25, 14],
			"faces": {
				"north": {"uv": [13.44, 3.36, 15.36, 5.28], "texture": "#0"},
				"east": {"uv": [0, 9.92, 3.84, 11.84], "texture": "#0"},
				"south": {"uv": [13.44, 3.52, 15.36, 5.44], "texture": "#0"},
				"west": {"uv": [0, 9.92, 3.84, 11.84], "texture": "#0"},
				"up": {"uv": [15.36, 7.04, 13.44, 3.52], "texture": "#0"},
				"down": {"uv": [15.36, 3.68, 13.44, 7.04], "texture": "#0"}
			}
		},
		{
			"from": [14, 16, 3],
			"to": [15, 32, 13],
			"faces": {
				"north": {"uv": [0, 14.08, 5.12, 14.4], "rotation": 90, "texture": "#0"},
				"east": {"uv": [5.12, 8.96, 8.32, 14.08], "texture": "#0"},
				"south": {"uv": [0, 14.4, 5.12, 14.72], "rotation": 90, "texture": "#0"},
				"west": {"uv": [8.32, 8.96, 11.52, 14.08], "texture": "#0"},
				"up": {"uv": [5.12, 8.32, 4.8, 5.12], "texture": "#0"}
			}
		},
		{
			"from": [13, 16, 3],
			"to": [14, 32, 4],
			"faces": {
				"north": {"uv": [15.68, 0, 15.36, 5.12], "texture": "#0"},
				"south": {"uv": [15.36, 5.12, 15.68, 10.24], "texture": "#0"},
				"west": {"uv": [15.36, 0, 15.68, 5.12], "texture": "#0"},
				"up": {"uv": [0.96, 9.28, 0.64, 8.96], "texture": "#0"}
			}
		},
		{
			"from": [13, 16, 12],
			"to": [14, 32, 13],
			"faces": {
				"north": {"uv": [15.68, 0, 15.36, 5.12], "texture": "#0"},
				"south": {"uv": [15.36, 5.12, 15.68, 10.24], "texture": "#0"},
				"west": {"uv": [15.36, 0, 15.68, 5.12], "texture": "#0"},
				"up": {"uv": [0.96, 9.28, 0.64, 8.96], "texture": "#0"}
			}
		},
		{
			"from": [13, 16, 6],
			"to": [14, 32, 7],
			"faces": {
				"north": {"uv": [15.68, 0, 15.36, 5.12], "texture": "#0"},
				"south": {"uv": [15.36, 5.12, 15.68, 10.24], "texture": "#0"},
				"west": {"uv": [15.36, 0, 15.68, 5.12], "texture": "#0"},
				"up": {"uv": [0.96, 9.28, 0.64, 8.96], "texture": "#0"}
			}
		},
		{
			"from": [12.4, 30.2, 4.3],
			"to": [13.8, 31.4, 5.7],
			"faces": {
				"north": {"uv": [4, 10.64, 4.48, 11.04], "texture": "#0"},
				"east": {"uv": [0, 8.96, 0.48, 9.36], "texture": "#0"},
				"south": {"uv": [4, 9.76, 4.48, 10.16], "texture": "#0"},
				"west": {"uv": [0, 8.96, 0.48, 9.36], "texture": "#0"},
				"up": {"uv": [4.48, 8.8, 4, 8.32], "texture": "#0"},
				"down": {"uv": [4.48, 8.8, 4, 9.28], "texture": "#0"}
			}
		},
		{
			"from": [12.4, 25.1, 4.3],
			"to": [13.8, 26.3, 5.7],
			"faces": {
				"north": {"uv": [4, 10.64, 4.48, 11.04], "texture": "#0"},
				"east": {"uv": [0, 8.96, 0.48, 9.36], "texture": "#0"},
				"south": {"uv": [4, 9.76, 4.48, 10.16], "texture": "#0"},
				"west": {"uv": [0, 8.96, 0.48, 9.36], "texture": "#0"},
				"up": {"uv": [4.48, 8.8, 4, 8.32], "texture": "#0"},
				"down": {"uv": [4.48, 8.8, 4, 9.28], "texture": "#0"}
			}
		},
		{
			"from": [12.5, 24.9, 4.4],
			"to": [13.7, 26.5, 5.6],
			"faces": {
				"north": {"uv": [4.08, 9.28, 4.48, 9.76], "texture": "#0"},
				"east": {"uv": [15.36, 11.84, 15.76, 12.32], "texture": "#0"},
				"south": {"uv": [4.08, 9.28, 4.48, 9.76], "texture": "#0"},
				"west": {"uv": [4.08, 9.28, 4.48, 9.76], "texture": "#0"},
				"up": {"uv": [4, 9.36, 3.6, 8.96], "texture": "#0"},
				"down": {"uv": [3.6, 8.96, 3.2, 9.36], "texture": "#0"}
			}
		},
		{
			"from": [12.5, 26.6, 4.4],
			"to": [13.7, 28.2, 5.6],
			"faces": {
				"north": {"uv": [4.08, 9.28, 4.48, 9.76], "texture": "#0"},
				"east": {"uv": [15.36, 11.84, 15.76, 12.32], "texture": "#0"},
				"south": {"uv": [4.08, 9.28, 4.48, 9.76], "texture": "#0"},
				"west": {"uv": [4.08, 9.28, 4.48, 9.76], "texture": "#0"},
				"up": {"uv": [4, 9.36, 3.6, 8.96], "texture": "#0"},
				"down": {"uv": [3.6, 8.96, 3.2, 9.36], "texture": "#0"}
			}
		},
		{
			"from": [12.4, 26.8, 4.3],
			"to": [13.8, 28, 5.7],
			"faces": {
				"north": {"uv": [4, 10.64, 4.48, 11.04], "texture": "#0"},
				"east": {"uv": [0, 8.96, 0.48, 9.36], "texture": "#0"},
				"south": {"uv": [4, 9.76, 4.48, 10.16], "texture": "#0"},
				"west": {"uv": [0, 8.96, 0.48, 9.36], "texture": "#0"},
				"up": {"uv": [4.48, 8.8, 4, 8.32], "texture": "#0"},
				"down": {"uv": [4.48, 8.8, 4, 9.28], "texture": "#0"}
			}
		},
		{
			"from": [12.4, 21.7, 4.3],
			"to": [13.8, 22.9, 5.7],
			"faces": {
				"north": {"uv": [4, 10.64, 4.48, 11.04], "texture": "#0"},
				"east": {"uv": [0, 8.96, 0.48, 9.36], "texture": "#0"},
				"south": {"uv": [4, 9.76, 4.48, 10.16], "texture": "#0"},
				"west": {"uv": [0, 8.96, 0.48, 9.36], "texture": "#0"},
				"up": {"uv": [4.48, 8.8, 4, 8.32], "texture": "#0"},
				"down": {"uv": [4.48, 8.8, 4, 9.28], "texture": "#0"}
			}
		},
		{
			"from": [12.5, 21.5, 4.4],
			"to": [13.7, 23.1, 5.6],
			"faces": {
				"north": {"uv": [4.08, 9.28, 4.48, 9.76], "texture": "#0"},
				"east": {"uv": [15.36, 11.84, 15.76, 12.32], "texture": "#0"},
				"south": {"uv": [4.08, 9.28, 4.48, 9.76], "texture": "#0"},
				"west": {"uv": [4.08, 9.28, 4.48, 9.76], "texture": "#0"},
				"up": {"uv": [4, 9.36, 3.6, 8.96], "texture": "#0"},
				"down": {"uv": [3.6, 8.96, 3.2, 9.36], "texture": "#0"}
			}
		},
		{
			"from": [12.5, 23.2, 4.4],
			"to": [13.7, 24.8, 5.6],
			"faces": {
				"north": {"uv": [4.08, 9.28, 4.48, 9.76], "texture": "#0"},
				"east": {"uv": [15.36, 11.84, 15.76, 12.32], "texture": "#0"},
				"south": {"uv": [4.08, 9.28, 4.48, 9.76], "texture": "#0"},
				"west": {"uv": [4.08, 9.28, 4.48, 9.76], "texture": "#0"},
				"up": {"uv": [4, 9.36, 3.6, 8.96], "texture": "#0"},
				"down": {"uv": [3.6, 8.96, 3.2, 9.36], "texture": "#0"}
			}
		},
		{
			"from": [12.4, 23.4, 4.3],
			"to": [13.8, 24.6, 5.7],
			"faces": {
				"north": {"uv": [4, 10.64, 4.48, 11.04], "texture": "#0"},
				"east": {"uv": [0, 8.96, 0.48, 9.36], "texture": "#0"},
				"south": {"uv": [4, 9.76, 4.48, 10.16], "texture": "#0"},
				"west": {"uv": [0, 8.96, 0.48, 9.36], "texture": "#0"},
				"up": {"uv": [4.48, 8.8, 4, 8.32], "texture": "#0"},
				"down": {"uv": [4.48, 8.8, 4, 9.28], "texture": "#0"}
			}
		},
		{
			"from": [12.4, 18.3, 4.3],
			"to": [13.8, 19.5, 5.7],
			"faces": {
				"north": {"uv": [4, 10.64, 4.48, 11.04], "texture": "#0"},
				"east": {"uv": [0, 8.96, 0.48, 9.36], "texture": "#0"},
				"south": {"uv": [4, 9.76, 4.48, 10.16], "texture": "#0"},
				"west": {"uv": [0, 8.96, 0.48, 9.36], "texture": "#0"},
				"up": {"uv": [4.48, 8.8, 4, 8.32], "texture": "#0"},
				"down": {"uv": [4.48, 8.8, 4, 9.28], "texture": "#0"}
			}
		},
		{
			"from": [12.5, 18.1, 4.4],
			"to": [13.7, 19.7, 5.6],
			"faces": {
				"north": {"uv": [4.08, 9.28, 4.48, 9.76], "texture": "#0"},
				"east": {"uv": [15.36, 11.84, 15.76, 12.32], "texture": "#0"},
				"south": {"uv": [4.08, 9.28, 4.48, 9.76], "texture": "#0"},
				"west": {"uv": [4.08, 9.28, 4.48, 9.76], "texture": "#0"},
				"up": {"uv": [4, 9.36, 3.6, 8.96], "texture": "#0"},
				"down": {"uv": [3.6, 8.96, 3.2, 9.36], "texture": "#0"}
			}
		},
		{
			"from": [12.4, 16.6, 4.3],
			"to": [13.8, 17.8, 5.7],
			"faces": {
				"north": {"uv": [4, 10.64, 4.48, 11.04], "texture": "#0"},
				"east": {"uv": [0, 8.96, 0.48, 9.36], "texture": "#0"},
				"south": {"uv": [4, 9.76, 4.48, 10.16], "texture": "#0"},
				"west": {"uv": [0, 8.96, 0.48, 9.36], "texture": "#0"},
				"up": {"uv": [4.48, 8.8, 4, 8.32], "texture": "#0"},
				"down": {"uv": [4.48, 8.8, 4, 9.28], "texture": "#0"}
			}
		},
		{
			"from": [12.4, 30.2, 7.3],
			"to": [13.8, 31.4, 8.7],
			"faces": {
				"north": {"uv": [4, 10.64, 4.48, 11.04], "texture": "#0"},
				"east": {"uv": [0, 8.96, 0.48, 9.36], "texture": "#0"},
				"south": {"uv": [4, 9.76, 4.48, 10.16], "texture": "#0"},
				"west": {"uv": [0, 8.96, 0.48, 9.36], "texture": "#0"},
				"up": {"uv": [4.48, 8.8, 4, 8.32], "texture": "#0"},
				"down": {"uv": [4.48, 8.8, 4, 9.28], "texture": "#0"}
			}
		},
		{
			"from": [12.5, 30, 7.4],
			"to": [13.7, 31.6, 8.6],
			"faces": {
				"north": {"uv": [4.08, 9.28, 4.48, 9.76], "texture": "#0"},
				"east": {"uv": [15.36, 11.84, 15.76, 12.32], "texture": "#0"},
				"south": {"uv": [4.08, 9.28, 4.48, 9.76], "texture": "#0"},
				"west": {"uv": [4.08, 9.28, 4.48, 9.76], "texture": "#0"},
				"up": {"uv": [4, 9.36, 3.6, 8.96], "texture": "#0"},
				"down": {"uv": [3.6, 8.96, 3.2, 9.36], "texture": "#0"}
			}
		},
		{
			"from": [12.5, 28.3, 7.4],
			"to": [13.7, 29.9, 8.6],
			"faces": {
				"north": {"uv": [4.08, 9.28, 4.48, 9.76], "texture": "#0"},
				"east": {"uv": [15.36, 11.84, 15.76, 12.32], "texture": "#0"},
				"south": {"uv": [4.08, 9.28, 4.48, 9.76], "texture": "#0"},
				"west": {"uv": [4.08, 9.28, 4.48, 9.76], "texture": "#0"},
				"up": {"uv": [4, 9.36, 3.6, 8.96], "texture": "#0"},
				"down": {"uv": [3.6, 8.96, 3.2, 9.36], "texture": "#0"}
			}
		},
		{
			"from": [12.4, 28.5, 7.3],
			"to": [13.8, 29.7, 8.7],
			"faces": {
				"north": {"uv": [4, 10.64, 4.48, 11.04], "texture": "#0"},
				"east": {"uv": [0, 8.96, 0.48, 9.36], "texture": "#0"},
				"south": {"uv": [4, 9.76, 4.48, 10.16], "texture": "#0"},
				"west": {"uv": [0, 8.96, 0.48, 9.36], "texture": "#0"},
				"up": {"uv": [4.48, 8.8, 4, 8.32], "texture": "#0"},
				"down": {"uv": [4.48, 8.8, 4, 9.28], "texture": "#0"}
			}
		},
		{
			"from": [12.5, 26.6, 7.4],
			"to": [13.7, 28.2, 8.6],
			"faces": {
				"north": {"uv": [4.08, 9.28, 4.48, 9.76], "texture": "#0"},
				"east": {"uv": [15.36, 11.84, 15.76, 12.32], "texture": "#0"},
				"south": {"uv": [4.08, 9.28, 4.48, 9.76], "texture": "#0"},
				"west": {"uv": [4.08, 9.28, 4.48, 9.76], "texture": "#0"},
				"up": {"uv": [4, 9.36, 3.6, 8.96], "texture": "#0"},
				"down": {"uv": [3.6, 8.96, 3.2, 9.36], "texture": "#0"}
			}
		},
		{
			"from": [12.4, 26.8, 7.3],
			"to": [13.8, 28, 8.7],
			"faces": {
				"north": {"uv": [4, 10.64, 4.48, 11.04], "texture": "#0"},
				"east": {"uv": [0, 8.96, 0.48, 9.36], "texture": "#0"},
				"south": {"uv": [4, 9.76, 4.48, 10.16], "texture": "#0"},
				"west": {"uv": [0, 8.96, 0.48, 9.36], "texture": "#0"},
				"up": {"uv": [4.48, 8.8, 4, 8.32], "texture": "#0"},
				"down": {"uv": [4.48, 8.8, 4, 9.28], "texture": "#0"}
			}
		},
		{
			"from": [12.5, 24.9, 7.4],
			"to": [13.7, 26.5, 8.6],
			"faces": {
				"north": {"uv": [4.08, 9.28, 4.48, 9.76], "texture": "#0"},
				"east": {"uv": [15.36, 11.84, 15.76, 12.32], "texture": "#0"},
				"south": {"uv": [4.08, 9.28, 4.48, 9.76], "texture": "#0"},
				"west": {"uv": [4.08, 9.28, 4.48, 9.76], "texture": "#0"},
				"up": {"uv": [4, 9.36, 3.6, 8.96], "texture": "#0"},
				"down": {"uv": [3.6, 8.96, 3.2, 9.36], "texture": "#0"}
			}
		},
		{
			"from": [12.4, 25.1, 7.3],
			"to": [13.8, 26.3, 8.7],
			"faces": {
				"north": {"uv": [4, 10.64, 4.48, 11.04], "texture": "#0"},
				"east": {"uv": [0, 8.96, 0.48, 9.36], "texture": "#0"},
				"south": {"uv": [4, 9.76, 4.48, 10.16], "texture": "#0"},
				"west": {"uv": [0, 8.96, 0.48, 9.36], "texture": "#0"},
				"up": {"uv": [4.48, 8.8, 4, 8.32], "texture": "#0"},
				"down": {"uv": [4.48, 8.8, 4, 9.28], "texture": "#0"}
			}
		},
		{
			"from": [12.5, 23.2, 7.4],
			"to": [13.7, 24.8, 8.6],
			"faces": {
				"north": {"uv": [4.08, 9.28, 4.48, 9.76], "texture": "#0"},
				"east": {"uv": [15.36, 11.84, 15.76, 12.32], "texture": "#0"},
				"south": {"uv": [4.08, 9.28, 4.48, 9.76], "texture": "#0"},
				"west": {"uv": [4.08, 9.28, 4.48, 9.76], "texture": "#0"},
				"up": {"uv": [4, 9.36, 3.6, 8.96], "texture": "#0"},
				"down": {"uv": [3.6, 8.96, 3.2, 9.36], "texture": "#0"}
			}
		},
		{
			"from": [12.4, 23.4, 7.3],
			"to": [13.8, 24.6, 8.7],
			"faces": {
				"north": {"uv": [4, 10.64, 4.48, 11.04], "texture": "#0"},
				"east": {"uv": [0, 8.96, 0.48, 9.36], "texture": "#0"},
				"south": {"uv": [4, 9.76, 4.48, 10.16], "texture": "#0"},
				"west": {"uv": [0, 8.96, 0.48, 9.36], "texture": "#0"},
				"up": {"uv": [4.48, 8.8, 4, 8.32], "texture": "#0"},
				"down": {"uv": [4.48, 8.8, 4, 9.28], "texture": "#0"}
			}
		},
		{
			"from": [12.5, 21.5, 7.4],
			"to": [13.7, 23.1, 8.6],
			"faces": {
				"north": {"uv": [4.08, 9.28, 4.48, 9.76], "texture": "#0"},
				"east": {"uv": [15.36, 11.84, 15.76, 12.32], "texture": "#0"},
				"south": {"uv": [4.08, 9.28, 4.48, 9.76], "texture": "#0"},
				"west": {"uv": [4.08, 9.28, 4.48, 9.76], "texture": "#0"},
				"up": {"uv": [4, 9.36, 3.6, 8.96], "texture": "#0"},
				"down": {"uv": [3.6, 8.96, 3.2, 9.36], "texture": "#0"}
			}
		},
		{
			"from": [12.4, 21.7, 7.3],
			"to": [13.8, 22.9, 8.7],
			"faces": {
				"north": {"uv": [4, 10.64, 4.48, 11.04], "texture": "#0"},
				"east": {"uv": [0, 8.96, 0.48, 9.36], "texture": "#0"},
				"south": {"uv": [4, 9.76, 4.48, 10.16], "texture": "#0"},
				"west": {"uv": [0, 8.96, 0.48, 9.36], "texture": "#0"},
				"up": {"uv": [4.48, 8.8, 4, 8.32], "texture": "#0"},
				"down": {"uv": [4.48, 8.8, 4, 9.28], "texture": "#0"}
			}
		},
		{
			"from": [12.5, 19.8, 7.4],
			"to": [13.7, 21.4, 8.6],
			"faces": {
				"north": {"uv": [4.08, 9.28, 4.48, 9.76], "texture": "#0"},
				"east": {"uv": [15.36, 11.84, 15.76, 12.32], "texture": "#0"},
				"south": {"uv": [4.08, 9.28, 4.48, 9.76], "texture": "#0"},
				"west": {"uv": [4.08, 9.28, 4.48, 9.76], "texture": "#0"},
				"up": {"uv": [4, 9.36, 3.6, 8.96], "texture": "#0"},
				"down": {"uv": [3.6, 8.96, 3.2, 9.36], "texture": "#0"}
			}
		},
		{
			"from": [12.4, 20, 7.3],
			"to": [13.8, 21.2, 8.7],
			"faces": {
				"north": {"uv": [4, 10.64, 4.48, 11.04], "texture": "#0"},
				"east": {"uv": [0, 8.96, 0.48, 9.36], "texture": "#0"},
				"south": {"uv": [4, 9.76, 4.48, 10.16], "texture": "#0"},
				"west": {"uv": [0, 8.96, 0.48, 9.36], "texture": "#0"},
				"up": {"uv": [4.48, 8.8, 4, 8.32], "texture": "#0"},
				"down": {"uv": [4.48, 8.8, 4, 9.28], "texture": "#0"}
			}
		},
		{
			"from": [12.5, 18.1, 7.4],
			"to": [13.7, 19.7, 8.6],
			"faces": {
				"north": {"uv": [4.08, 9.28, 4.48, 9.76], "texture": "#0"},
				"east": {"uv": [15.36, 11.84, 15.76, 12.32], "texture": "#0"},
				"south": {"uv": [4.08, 9.28, 4.48, 9.76], "texture": "#0"},
				"west": {"uv": [4.08, 9.28, 4.48, 9.76], "texture": "#0"},
				"up": {"uv": [4, 9.36, 3.6, 8.96], "texture": "#0"},
				"down": {"uv": [3.6, 8.96, 3.2, 9.36], "texture": "#0"}
			}
		},
		{
			"from": [12.4, 18.3, 7.3],
			"to": [13.8, 19.5, 8.7],
			"faces": {
				"north": {"uv": [4, 10.64, 4.48, 11.04], "texture": "#0"},
				"east": {"uv": [0, 8.96, 0.48, 9.36], "texture": "#0"},
				"south": {"uv": [4, 9.76, 4.48, 10.16], "texture": "#0"},
				"west": {"uv": [0, 8.96, 0.48, 9.36], "texture": "#0"},
				"up": {"uv": [4.48, 8.8, 4, 8.32], "texture": "#0"},
				"down": {"uv": [4.48, 8.8, 4, 9.28], "texture": "#0"}
			}
		},
		{
			"from": [12.5, 16.4, 7.4],
			"to": [13.7, 18, 8.6],
			"faces": {
				"north": {"uv": [4.08, 9.28, 4.48, 9.76], "texture": "#0"},
				"east": {"uv": [15.36, 11.84, 15.76, 12.32], "texture": "#0"},
				"south": {"uv": [4.08, 9.28, 4.48, 9.76], "texture": "#0"},
				"west": {"uv": [4.08, 9.28, 4.48, 9.76], "texture": "#0"},
				"up": {"uv": [4, 9.36, 3.6, 8.96], "texture": "#0"},
				"down": {"uv": [3.6, 8.96, 3.2, 9.36], "texture": "#0"}
			}
		},
		{
			"from": [12.4, 16.6, 7.3],
			"to": [13.8, 17.8, 8.7],
			"faces": {
				"north": {"uv": [4, 10.64, 4.48, 11.04], "texture": "#0"},
				"east": {"uv": [0, 8.96, 0.48, 9.36], "texture": "#0"},
				"south": {"uv": [4, 9.76, 4.48, 10.16], "texture": "#0"},
				"west": {"uv": [0, 8.96, 0.48, 9.36], "texture": "#0"},
				"up": {"uv": [4.48, 8.8, 4, 8.32], "texture": "#0"},
				"down": {"uv": [4.48, 8.8, 4, 9.28], "texture": "#0"}
			}
		},
		{
			"from": [12.4, 30.2, 10.3],
			"to": [13.8, 31.4, 11.7],
			"faces": {
				"north": {"uv": [4, 10.64, 4.48, 11.04], "texture": "#0"},
				"east": {"uv": [0, 8.96, 0.48, 9.36], "texture": "#0"},
				"south": {"uv": [4, 9.76, 4.48, 10.16], "texture": "#0"},
				"west": {"uv": [0, 8.96, 0.48, 9.36], "texture": "#0"},
				"up": {"uv": [4.48, 8.8, 4, 8.32], "texture": "#0"},
				"down": {"uv": [4.48, 8.8, 4, 9.28], "texture": "#0"}
			}
		},
		{
			"from": [12.5, 30, 10.4],
			"to": [13.7, 31.6, 11.6],
			"faces": {
				"north": {"uv": [4.08, 9.28, 4.48, 9.76], "texture": "#0"},
				"east": {"uv": [15.36, 11.84, 15.76, 12.32], "texture": "#0"},
				"south": {"uv": [4.08, 9.28, 4.48, 9.76], "texture": "#0"},
				"west": {"uv": [4.08, 9.28, 4.48, 9.76], "texture": "#0"},
				"up": {"uv": [4, 9.36, 3.6, 8.96], "texture": "#0"},
				"down": {"uv": [3.6, 8.96, 3.2, 9.36], "texture": "#0"}
			}
		},
		{
			"from": [12.5, 28.3, 10.4],
			"to": [13.7, 29.9, 11.6],
			"faces": {
				"north": {"uv": [4.08, 9.28, 4.48, 9.76], "texture": "#0"},
				"east": {"uv": [15.36, 11.84, 15.76, 12.32], "texture": "#0"},
				"south": {"uv": [4.08, 9.28, 4.48, 9.76], "texture": "#0"},
				"west": {"uv": [4.08, 9.28, 4.48, 9.76], "texture": "#0"},
				"up": {"uv": [4, 9.36, 3.6, 8.96], "texture": "#0"},
				"down": {"uv": [3.6, 8.96, 3.2, 9.36], "texture": "#0"}
			}
		},
		{
			"from": [12.4, 28.5, 10.3],
			"to": [13.8, 29.7, 11.7],
			"faces": {
				"north": {"uv": [4, 10.64, 4.48, 11.04], "texture": "#0"},
				"east": {"uv": [0, 8.96, 0.48, 9.36], "texture": "#0"},
				"south": {"uv": [4, 9.76, 4.48, 10.16], "texture": "#0"},
				"west": {"uv": [0, 8.96, 0.48, 9.36], "texture": "#0"},
				"up": {"uv": [4.48, 8.8, 4, 8.32], "texture": "#0"},
				"down": {"uv": [4.48, 8.8, 4, 9.28], "texture": "#0"}
			}
		},
		{
			"from": [12.5, 26.6, 10.4],
			"to": [13.7, 28.2, 11.6],
			"faces": {
				"north": {"uv": [4.08, 9.28, 4.48, 9.76], "texture": "#0"},
				"east": {"uv": [15.36, 11.84, 15.76, 12.32], "texture": "#0"},
				"south": {"uv": [4.08, 9.28, 4.48, 9.76], "texture": "#0"},
				"west": {"uv": [4.08, 9.28, 4.48, 9.76], "texture": "#0"},
				"up": {"uv": [4, 9.36, 3.6, 8.96], "texture": "#0"},
				"down": {"uv": [3.6, 8.96, 3.2, 9.36], "texture": "#0"}
			}
		},
		{
			"from": [12.4, 26.8, 10.3],
			"to": [13.8, 28, 11.7],
			"faces": {
				"north": {"uv": [4, 10.64, 4.48, 11.04], "texture": "#0"},
				"east": {"uv": [0, 8.96, 0.48, 9.36], "texture": "#0"},
				"south": {"uv": [4, 9.76, 4.48, 10.16], "texture": "#0"},
				"west": {"uv": [0, 8.96, 0.48, 9.36], "texture": "#0"},
				"up": {"uv": [4.48, 8.8, 4, 8.32], "texture": "#0"},
				"down": {"uv": [4.48, 8.8, 4, 9.28], "texture": "#0"}
			}
		},
		{
			"from": [12.5, 24.9, 10.4],
			"to": [13.7, 26.5, 11.6],
			"faces": {
				"north": {"uv": [4.08, 9.28, 4.48, 9.76], "texture": "#0"},
				"east": {"uv": [15.36, 11.84, 15.76, 12.32], "texture": "#0"},
				"south": {"uv": [4.08, 9.28, 4.48, 9.76], "texture": "#0"},
				"west": {"uv": [4.08, 9.28, 4.48, 9.76], "texture": "#0"},
				"up": {"uv": [4, 9.36, 3.6, 8.96], "texture": "#0"},
				"down": {"uv": [3.6, 8.96, 3.2, 9.36], "texture": "#0"}
			}
		},
		{
			"from": [12.4, 25.1, 10.3],
			"to": [13.8, 26.3, 11.7],
			"faces": {
				"north": {"uv": [4, 10.64, 4.48, 11.04], "texture": "#0"},
				"east": {"uv": [0, 8.96, 0.48, 9.36], "texture": "#0"},
				"south": {"uv": [4, 9.76, 4.48, 10.16], "texture": "#0"},
				"west": {"uv": [0, 8.96, 0.48, 9.36], "texture": "#0"},
				"up": {"uv": [4.48, 8.8, 4, 8.32], "texture": "#0"},
				"down": {"uv": [4.48, 8.8, 4, 9.28], "texture": "#0"}
			}
		},
		{
			"from": [12.5, 23.2, 10.4],
			"to": [13.7, 24.8, 11.6],
			"faces": {
				"north": {"uv": [4.08, 9.28, 4.48, 9.76], "texture": "#0"},
				"east": {"uv": [15.36, 11.84, 15.76, 12.32], "texture": "#0"},
				"south": {"uv": [4.08, 9.28, 4.48, 9.76], "texture": "#0"},
				"west": {"uv": [4.08, 9.28, 4.48, 9.76], "texture": "#0"},
				"up": {"uv": [4, 9.36, 3.6, 8.96], "texture": "#0"},
				"down": {"uv": [3.6, 8.96, 3.2, 9.36], "texture": "#0"}
			}
		},
		{
			"from": [12.4, 23.4, 10.3],
			"to": [13.8, 24.6, 11.7],
			"faces": {
				"north": {"uv": [4, 10.64, 4.48, 11.04], "texture": "#0"},
				"east": {"uv": [0, 8.96, 0.48, 9.36], "texture": "#0"},
				"south": {"uv": [4, 9.76, 4.48, 10.16], "texture": "#0"},
				"west": {"uv": [0, 8.96, 0.48, 9.36], "texture": "#0"},
				"up": {"uv": [4.48, 8.8, 4, 8.32], "texture": "#0"},
				"down": {"uv": [4.48, 8.8, 4, 9.28], "texture": "#0"}
			}
		},
		{
			"from": [12.5, 21.5, 10.4],
			"to": [13.7, 23.1, 11.6],
			"faces": {
				"north": {"uv": [4.08, 9.28, 4.48, 9.76], "texture": "#0"},
				"east": {"uv": [15.36, 11.84, 15.76, 12.32], "texture": "#0"},
				"south": {"uv": [4.08, 9.28, 4.48, 9.76], "texture": "#0"},
				"west": {"uv": [4.08, 9.28, 4.48, 9.76], "texture": "#0"},
				"up": {"uv": [4, 9.36, 3.6, 8.96], "texture": "#0"},
				"down": {"uv": [3.6, 8.96, 3.2, 9.36], "texture": "#0"}
			}
		},
		{
			"from": [12.4, 21.7, 10.3],
			"to": [13.8, 22.9, 11.7],
			"faces": {
				"north": {"uv": [4, 10.64, 4.48, 11.04], "texture": "#0"},
				"east": {"uv": [0, 8.96, 0.48, 9.36], "texture": "#0"},
				"south": {"uv": [4, 9.76, 4.48, 10.16], "texture": "#0"},
				"west": {"uv": [0, 8.96, 0.48, 9.36], "texture": "#0"},
				"up": {"uv": [4.48, 8.8, 4, 8.32], "texture": "#0"},
				"down": {"uv": [4.48, 8.8, 4, 9.28], "texture": "#0"}
			}
		},
		{
			"from": [12.5, 19.8, 10.4],
			"to": [13.7, 21.4, 11.6],
			"faces": {
				"north": {"uv": [4.08, 9.28, 4.48, 9.76], "texture": "#0"},
				"east": {"uv": [15.36, 11.84, 15.76, 12.32], "texture": "#0"},
				"south": {"uv": [4.08, 9.28, 4.48, 9.76], "texture": "#0"},
				"west": {"uv": [4.08, 9.28, 4.48, 9.76], "texture": "#0"},
				"up": {"uv": [4, 9.36, 3.6, 8.96], "texture": "#0"},
				"down": {"uv": [3.6, 8.96, 3.2, 9.36], "texture": "#0"}
			}
		},
		{
			"from": [12.4, 20, 10.3],
			"to": [13.8, 21.2, 11.7],
			"faces": {
				"north": {"uv": [4, 10.64, 4.48, 11.04], "texture": "#0"},
				"east": {"uv": [0, 8.96, 0.48, 9.36], "texture": "#0"},
				"south": {"uv": [4, 9.76, 4.48, 10.16], "texture": "#0"},
				"west": {"uv": [0, 8.96, 0.48, 9.36], "texture": "#0"},
				"up": {"uv": [4.48, 8.8, 4, 8.32], "texture": "#0"},
				"down": {"uv": [4.48, 8.8, 4, 9.28], "texture": "#0"}
			}
		},
		{
			"from": [12.5, 18.1, 10.4],
			"to": [13.7, 19.7, 11.6],
			"faces": {
				"north": {"uv": [4.08, 9.28, 4.48, 9.76], "texture": "#0"},
				"east": {"uv": [15.36, 11.84, 15.76, 12.32], "texture": "#0"},
				"south": {"uv": [4.08, 9.28, 4.48, 9.76], "texture": "#0"},
				"west": {"uv": [4.08, 9.28, 4.48, 9.76], "texture": "#0"},
				"up": {"uv": [4, 9.36, 3.6, 8.96], "texture": "#0"},
				"down": {"uv": [3.6, 8.96, 3.2, 9.36], "texture": "#0"}
			}
		},
		{
			"from": [12.4, 18.3, 10.3],
			"to": [13.8, 19.5, 11.7],
			"faces": {
				"north": {"uv": [4, 10.64, 4.48, 11.04], "texture": "#0"},
				"east": {"uv": [0, 8.96, 0.48, 9.36], "texture": "#0"},
				"south": {"uv": [4, 9.76, 4.48, 10.16], "texture": "#0"},
				"west": {"uv": [0, 8.96, 0.48, 9.36], "texture": "#0"},
				"up": {"uv": [4.48, 8.8, 4, 8.32], "texture": "#0"},
				"down": {"uv": [4.48, 8.8, 4, 9.28], "texture": "#0"}
			}
		},
		{
			"from": [12.5, 16.4, 10.4],
			"to": [13.7, 18, 11.6],
			"faces": {
				"north": {"uv": [4.08, 9.28, 4.48, 9.76], "texture": "#0"},
				"east": {"uv": [15.36, 11.84, 15.76, 12.32], "texture": "#0"},
				"south": {"uv": [4.08, 9.28, 4.48, 9.76], "texture": "#0"},
				"west": {"uv": [4.08, 9.28, 4.48, 9.76], "texture": "#0"},
				"up": {"uv": [4, 9.36, 3.6, 8.96], "texture": "#0"},
				"down": {"uv": [3.6, 8.96, 3.2, 9.36], "texture": "#0"}
			}
		},
		{
			"from": [12.4, 16.6, 10.3],
			"to": [13.8, 17.8, 11.7],
			"faces": {
				"north": {"uv": [4, 10.64, 4.48, 11.04], "texture": "#0"},
				"east": {"uv": [0, 8.96, 0.48, 9.36], "texture": "#0"},
				"south": {"uv": [4, 9.76, 4.48, 10.16], "texture": "#0"},
				"west": {"uv": [0, 8.96, 0.48, 9.36], "texture": "#0"},
				"up": {"uv": [4.48, 8.8, 4, 8.32], "texture": "#0"},
				"down": {"uv": [4.48, 8.8, 4, 9.28], "texture": "#0"}
			}
		},
		{
			"from": [12.5, 16.4, 4.4],
			"to": [13.7, 18, 5.6],
			"faces": {
				"north": {"uv": [4.08, 9.28, 4.48, 9.76], "texture": "#0"},
				"east": {"uv": [15.36, 11.84, 15.76, 12.32], "texture": "#0"},
				"south": {"uv": [4.08, 9.28, 4.48, 9.76], "texture": "#0"},
				"west": {"uv": [4.08, 9.28, 4.48, 9.76], "texture": "#0"},
				"up": {"uv": [4, 9.36, 3.6, 8.96], "texture": "#0"},
				"down": {"uv": [3.6, 8.96, 3.2, 9.36], "texture": "#0"}
			}
		},
		{
			"from": [12.5, 19.8, 4.4],
			"to": [13.7, 21.4, 5.6],
			"faces": {
				"north": {"uv": [4.08, 9.28, 4.48, 9.76], "texture": "#0"},
				"east": {"uv": [15.36, 11.84, 15.76, 12.32], "texture": "#0"},
				"south": {"uv": [4.08, 9.28, 4.48, 9.76], "texture": "#0"},
				"west": {"uv": [4.08, 9.28, 4.48, 9.76], "texture": "#0"},
				"up": {"uv": [4, 9.36, 3.6, 8.96], "texture": "#0"},
				"down": {"uv": [3.6, 8.96, 3.2, 9.36], "texture": "#0"}
			}
		},
		{
			"from": [12.4, 20, 4.3],
			"to": [13.8, 21.2, 5.7],
			"faces": {
				"north": {"uv": [4, 10.64, 4.48, 11.04], "texture": "#0"},
				"east": {"uv": [0, 8.96, 0.48, 9.36], "texture": "#0"},
				"south": {"uv": [4, 9.76, 4.48, 10.16], "texture": "#0"},
				"west": {"uv": [0, 8.96, 0.48, 9.36], "texture": "#0"},
				"up": {"uv": [4.48, 8.8, 4, 8.32], "texture": "#0"},
				"down": {"uv": [4.48, 8.8, 4, 9.28], "texture": "#0"}
			}
		},
		{
			"from": [12.5, 30, 4.4],
			"to": [13.7, 31.6, 5.6],
			"faces": {
				"north": {"uv": [4.08, 9.28, 4.48, 9.76], "texture": "#0"},
				"east": {"uv": [4.08, 9.28, 4.48, 9.76], "texture": "#0"},
				"south": {"uv": [4.08, 9.28, 4.48, 9.76], "texture": "#0"},
				"west": {"uv": [4.08, 9.28, 4.48, 9.76], "texture": "#0"},
				"up": {"uv": [4, 9.36, 3.6, 8.96], "texture": "#0"},
				"down": {"uv": [3.6, 8.96, 3.2, 9.36], "texture": "#0"}
			}
		},
		{
			"from": [-0.2, 17.7, 1.1],
			"to": [1.2, 18.9, 2.5],
			"faces": {
				"north": {"uv": [4, 10.64, 4.48, 11.04], "texture": "#0"},
				"east": {"uv": [3.6, 9.36, 4.08, 9.76], "texture": "#0"},
				"south": {"uv": [4, 9.76, 4.48, 10.16], "texture": "#0"},
				"west": {"uv": [0, 8.96, 0.48, 9.36], "texture": "#0"},
				"up": {"uv": [4.48, 8.8, 4, 8.32], "texture": "#0"},
				"down": {"uv": [4.48, 8.8, 4, 9.28], "texture": "#0"}
			}
		},
		{
			"from": [-0.1, 17.5, 1.2],
			"to": [1.1, 19.1, 2.4],
			"faces": {
				"north": {"uv": [4.08, 9.28, 4.48, 9.76], "texture": "#0"},
				"east": {"uv": [15.36, 11.84, 15.76, 12.32], "texture": "#0"},
				"south": {"uv": [4.08, 9.28, 4.48, 9.76], "texture": "#0"},
				"west": {"uv": [4.08, 9.28, 4.48, 9.76], "texture": "#0"},
				"up": {"uv": [4, 9.36, 3.6, 8.96], "texture": "#0"},
				"down": {"uv": [3.6, 8.96, 3.2, 9.36], "texture": "#0"}
			}
		},
		{
			"from": [-0.2, 17.7, 2.7],
			"to": [1.2, 18.9, 4.1],
			"faces": {
				"north": {"uv": [4, 10.64, 4.48, 11.04], "texture": "#0"},
				"east": {"uv": [3.6, 9.36, 4.08, 9.76], "texture": "#0"},
				"south": {"uv": [4, 9.76, 4.48, 10.16], "texture": "#0"},
				"west": {"uv": [0, 8.96, 0.48, 9.36], "texture": "#0"},
				"up": {"uv": [4.48, 8.8, 4, 8.32], "texture": "#0"},
				"down": {"uv": [4.48, 8.8, 4, 9.28], "texture": "#0"}
			}
		},
		{
			"from": [-0.1, 17.5, 2.8],
			"to": [1.1, 19.1, 4],
			"faces": {
				"north": {"uv": [4.08, 9.28, 4.48, 9.76], "texture": "#0"},
				"east": {"uv": [15.36, 11.84, 15.76, 12.32], "texture": "#0"},
				"south": {"uv": [4.08, 9.28, 4.48, 9.76], "texture": "#0"},
				"west": {"uv": [4.08, 9.28, 4.48, 9.76], "texture": "#0"},
				"up": {"uv": [4, 9.36, 3.6, 8.96], "texture": "#0"},
				"down": {"uv": [3.6, 8.96, 3.2, 9.36], "texture": "#0"}
			}
		},
		{
			"from": [-0.2, 17.7, 4.3],
			"to": [1.2, 18.9, 5.7],
			"faces": {
				"north": {"uv": [4, 10.64, 4.48, 11.04], "texture": "#0"},
				"east": {"uv": [3.6, 9.36, 4.08, 9.76], "texture": "#0"},
				"south": {"uv": [4, 9.76, 4.48, 10.16], "texture": "#0"},
				"west": {"uv": [0, 8.96, 0.48, 9.36], "texture": "#0"},
				"up": {"uv": [4.48, 8.8, 4, 8.32], "texture": "#0"},
				"down": {"uv": [4.48, 8.8, 4, 9.28], "texture": "#0"}
			}
		},
		{
			"from": [-0.1, 17.5, 4.4],
			"to": [1.1, 19.1, 5.6],
			"faces": {
				"north": {"uv": [4.08, 9.28, 4.48, 9.76], "texture": "#0"},
				"east": {"uv": [15.36, 11.84, 15.76, 12.32], "texture": "#0"},
				"south": {"uv": [4.08, 9.28, 4.48, 9.76], "texture": "#0"},
				"west": {"uv": [4.08, 9.28, 4.48, 9.76], "texture": "#0"},
				"up": {"uv": [4, 9.36, 3.6, 8.96], "texture": "#0"},
				"down": {"uv": [3.6, 8.96, 3.2, 9.36], "texture": "#0"}
			}
		},
		{
			"from": [-0.2, 17.7, 5.9],
			"to": [1.2, 18.9, 7.3],
			"faces": {
				"north": {"uv": [4, 10.64, 4.48, 11.04], "texture": "#0"},
				"east": {"uv": [3.6, 9.36, 4.08, 9.76], "texture": "#0"},
				"south": {"uv": [4, 9.76, 4.48, 10.16], "texture": "#0"},
				"west": {"uv": [0, 8.96, 0.48, 9.36], "texture": "#0"},
				"up": {"uv": [4.48, 8.8, 4, 8.32], "texture": "#0"},
				"down": {"uv": [4.48, 8.8, 4, 9.28], "texture": "#0"}
			}
		},
		{
			"from": [-0.1, 17.5, 6],
			"to": [1.1, 19.1, 7.2],
			"faces": {
				"north": {"uv": [4.08, 9.28, 4.48, 9.76], "texture": "#0"},
				"east": {"uv": [15.36, 11.84, 15.76, 12.32], "texture": "#0"},
				"south": {"uv": [4.08, 9.28, 4.48, 9.76], "texture": "#0"},
				"west": {"uv": [4.08, 9.28, 4.48, 9.76], "texture": "#0"},
				"up": {"uv": [4, 9.36, 3.6, 8.96], "texture": "#0"},
				"down": {"uv": [3.6, 8.96, 3.2, 9.36], "texture": "#0"}
			}
		},
		{
			"from": [-0.2, 17.7, 7.5],
			"to": [1.2, 18.9, 8.9],
			"faces": {
				"north": {"uv": [4, 10.64, 4.48, 11.04], "texture": "#0"},
				"east": {"uv": [3.6, 9.36, 4.08, 9.76], "texture": "#0"},
				"south": {"uv": [4, 9.76, 4.48, 10.16], "texture": "#0"},
				"west": {"uv": [0, 8.96, 0.48, 9.36], "texture": "#0"},
				"up": {"uv": [4.48, 8.8, 4, 8.32], "texture": "#0"},
				"down": {"uv": [4.48, 8.8, 4, 9.28], "texture": "#0"}
			}
		},
		{
			"from": [-0.1, 17.5, 7.6],
			"to": [1.1, 19.1, 8.8],
			"faces": {
				"north": {"uv": [4.08, 9.28, 4.48, 9.76], "texture": "#0"},
				"east": {"uv": [15.36, 11.84, 15.76, 12.32], "texture": "#0"},
				"south": {"uv": [4.08, 9.28, 4.48, 9.76], "texture": "#0"},
				"west": {"uv": [4.08, 9.28, 4.48, 9.76], "texture": "#0"},
				"up": {"uv": [4, 9.36, 3.6, 8.96], "texture": "#0"},
				"down": {"uv": [3.6, 8.96, 3.2, 9.36], "texture": "#0"}
			}
		},
		{
			"from": [12.4, 28.5, 4.3],
			"to": [13.8, 29.7, 5.7],
			"faces": {
				"north": {"uv": [4, 10.64, 4.48, 11.04], "texture": "#0"},
				"east": {"uv": [0, 8.96, 0.48, 9.36], "texture": "#0"},
				"south": {"uv": [4, 9.76, 4.48, 10.16], "texture": "#0"},
				"west": {"uv": [0, 8.96, 0.48, 9.36], "texture": "#0"},
				"up": {"uv": [4.48, 8.8, 4, 8.32], "texture": "#0"},
				"down": {"uv": [4.48, 8.8, 4, 9.28], "texture": "#0"}
			}
		},
		{
			"from": [12.5, 28.3, 4.4],
			"to": [13.7, 29.9, 5.6],
			"faces": {
				"north": {"uv": [4.08, 9.28, 4.48, 9.76], "texture": "#0"},
				"east": {"uv": [15.36, 11.84, 15.76, 12.32], "texture": "#0"},
				"south": {"uv": [4.08, 9.28, 4.48, 9.76], "texture": "#0"},
				"west": {"uv": [4.08, 9.28, 4.48, 9.76], "texture": "#0"},
				"up": {"uv": [4, 9.36, 3.6, 8.96], "texture": "#0"},
				"down": {"uv": [3.6, 8.96, 3.2, 9.36], "texture": "#0"}
			}
		},
		{
			"from": [13, 16, 9],
			"to": [14, 32, 10],
			"faces": {
				"north": {"uv": [15.68, 0, 15.36, 5.12], "texture": "#0"},
				"south": {"uv": [15.36, 5.12, 15.68, 10.24], "texture": "#0"},
				"west": {"uv": [15.36, 0, 15.68, 5.12], "texture": "#0"},
				"up": {"uv": [0.96, 9.28, 0.64, 8.96], "texture": "#0"}
			}
		},
		{
			"from": [0, 0, 0],
			"to": [16, 2, 16],
			"faces": {
				"north": {"uv": [5.12, 8.96, 4.48, 14.08], "rotation": 90, "texture": "#0"},
				"east": {"uv": [5.12, 14.08, 4.48, 8.96], "rotation": 90, "texture": "#0"},
				"south": {"uv": [5.12, 8.96, 4.48, 14.08], "rotation": 90, "texture": "#0"},
				"west": {"uv": [5.12, 14.08, 4.48, 8.96], "rotation": 90, "texture": "#0"},
				"up": {"uv": [5.12, 5.12, 0, 0], "texture": "#0"},
				"down": {"uv": [5.12, 0, 0, 5.12], "texture": "#0"}
			}
		},
		{
			"from": [2, 2, 2],
			"to": [14, 14, 14],
			"faces": {
				"north": {"uv": [9.6, 0, 13.44, 3.84], "texture": "#0"},
				"east": {"uv": [9.6, 3.84, 13.44, 7.68], "texture": "#0"},
				"south": {"uv": [0, 5.12, 3.84, 8.96], "texture": "#0"},
				"west": {"uv": [11.52, 7.68, 15.36, 11.52], "texture": "#0"}
			}
		}
	],
	"display": {
		"thirdperson_righthand": {
			"scale": [0.6, 0.6, 0.6]
		},
		"thirdperson_lefthand": {
			"scale": [0.5, 0.5, 0.5]
		},
		"firstperson_righthand": {
			"scale": [0.6, 0.6, 0.6]
		},
		"firstperson_lefthand": {
			"rotation": [0, 180, 0],
			"scale": [0.6, 0.6, 0.6]
		},
		"ground": {
			"translation": [0, 4.75, 0]
		},
		"gui": {
			"rotation": [0, 90, 0]
		},
		"head": {
			"rotation": [0, -90, 0],
			"translation": [0, -31.25, 0],
			"scale": [1.5, 1.5, 1.5]
		},
		"fixed": {
			"rotation": [180, -90, 180]
		}
	},
	"groups": [
		{
			"name": "group",
			"origin": [0, 0, 0],
			"color": 0,
			"children": [
				0,
				1,
				2,
				3,
				4,
				5,
				6,
				7,
				8,
				9,
				10,
				11,
				12,
				13,
				14,
				15,
				16,
				17,
				18,
				19,
				20,
				21,
				22,
				23,
				24,
				25,
				26,
				27,
				28,
				29,
				30,
				31,
				32,
				33,
				34,
				35,
				36,
				37,
				38,
				39,
				40,
				41,
				42,
				43,
				44,
				45,
				46,
				47,
				48,
				49,
				50,
				51,
				52,
				53,
				54,
				55,
				56,
				57,
				58,
				59,
				60,
				61,
				62,
				63,
				64,
				65,
				66,
				67,
				68,
				69,
				70,
				71,
				72,
				73,
				74,
				75,
				76,
				77,
				78,
				79,
				80,
				81,
				82,
				83,
				84,
				85,
				86,
				87,
				88,
				89,
				90,
				91,
				92
			]
		}
	]
}