{
	"credit": "",
	"texture_size": [32, 32],
	"textures": {
		"0": "vegastables/pyramid",
		"1": "vegastables/pyramid_anim",
		"particle": "vegastables/pyramid"
	},
	"elements": [
		{
			"from": [2, 18, 14],
			"to": [14, 31, 14],
			"rotation": {"angle": -22.5, "axis": "x", "origin": [0, 0, 0]},
			"faces": {
				"north": {"uv": [0, 8.37383, 7.17757, 16.14953], "texture": "#1"}
			}
		},
		{
			"from": [2, 9, 6],
			"to": [14, 23, 6],
			"faces": {
				"north": {"uv": [0, 0, 7.17757, 8.37383], "texture": "#1"}
			}
		},
		{
			"from": [1, 0, 2],
			"to": [15, 8, 15],
			"faces": {
				"north": {"uv": [11.79343, 11.71831, 16, 14.12207], "texture": "#0"},
				"east": {"uv": [8.11268, 11.71831, 12.01878, 14.12207], "texture": "#0"},
				"south": {"uv": [11.11737, 0, 15.32394, 2.40376], "texture": "#0"},
				"west": {"uv": [4.20657, 11.71831, 8.11268, 14.12207], "texture": "#0"},
				"down": {"uv": [4.20657, 0, 0, 3.9061], "texture": "#0"}
			}
		},
		{
			"from": [1, 9, 6],
			"to": [15, 32, 15],
			"faces": {
				"east": {"uv": [8.41315, 0, 11.11737, 6.9108], "texture": "#0"},
				"south": {"uv": [4.20657, 0, 8.41315, 6.9108], "texture": "#0"},
				"west": {"uv": [11.11737, 0, 8.41315, 6.9108], "texture": "#0"},
				"up": {"uv": [4.20657, 6.61033, 0, 3.9061], "texture": "#0"}
			}
		},
		{
			"from": [1, 9, 5],
			"to": [2, 22, 6],
			"faces": {
				"north": {"uv": [10.44131, 6.9108, 10.74178, 11.71831], "texture": "#0"},
				"east": {"uv": [9.61502, 6.9108, 9.91549, 11.71831], "texture": "#0"},
				"west": {"uv": [9.91549, 6.9108, 10.21596, 11.71831], "texture": "#0"}
			}
		},
		{
			"from": [14, 9, 5],
			"to": [15, 22, 6],
			"faces": {
				"north": {"uv": [10.21596, 6.9108, 10.51643, 11.71831], "texture": "#0"},
				"east": {"uv": [10.8169, 6.9108, 11.11737, 11.71831], "texture": "#0"},
				"west": {"uv": [11.11737, 6.9108, 11.41784, 11.71831], "texture": "#0"}
			}
		},
		{
			"from": [1, 18, 14],
			"to": [15, 32, 19],
			"rotation": {"angle": -22.5, "axis": "x", "origin": [0, 0, 0]},
			"faces": {
				"east": {"uv": [14.723, 6.9108, 13.22066, 11.11737], "texture": "#0"},
				"south": {"uv": [0, 11.71831, 4.20657, 15.92488], "texture": "#0"},
				"west": {"uv": [13.22066, 6.9108, 14.723, 11.11737], "texture": "#0"},
				"up": {"uv": [15.32394, 3.9061, 11.11737, 2.40376], "texture": "#0"}
			}
		},
		{
			"from": [2, 31, 13],
			"to": [14, 32, 14],
			"rotation": {"angle": -22.5, "axis": "x", "origin": [0, 0, 0]},
			"faces": {
				"north": {"uv": [12.31925, 4.20657, 15.92488, 4.50704], "texture": "#0"},
				"up": {"uv": [15.92488, 4.80751, 12.31925, 4.50704], "texture": "#0"},
				"down": {"uv": [15.92488, 4.80751, 12.31925, 5.10798], "texture": "#0"}
			}
		},
		{
			"from": [1, 18, 13],
			"to": [2, 32, 14],
			"rotation": {"angle": -22.5, "axis": "x", "origin": [0, 0, 0]},
			"faces": {
				"north": {"uv": [11.41784, 6.9108, 11.71831, 11.11737], "texture": "#0"},
				"east": {"uv": [11.71831, 6.9108, 12.01878, 11.11737], "texture": "#0"},
				"west": {"uv": [12.01878, 6.9108, 12.31925, 11.11737], "texture": "#0"},
				"up": {"uv": [13.8216, 5.70892, 13.52113, 5.40845], "texture": "#0"}
			}
		},
		{
			"from": [14, 18, 13],
			"to": [15, 32, 14],
			"rotation": {"angle": -22.5, "axis": "x", "origin": [0, 0, 0]},
			"faces": {
				"north": {"uv": [12.31925, 6.9108, 12.61972, 11.11737], "texture": "#0"},
				"east": {"uv": [12.61972, 6.9108, 12.92019, 11.11737], "texture": "#0"},
				"west": {"uv": [12.92019, 6.9108, 13.22066, 11.11737], "texture": "#0"},
				"up": {"uv": [14.12207, 5.70892, 13.8216, 5.40845], "texture": "#0"}
			}
		},
		{
			"from": [0, 8, -1],
			"to": [16, 9, 15],
			"faces": {
				"north": {"uv": [11.11737, 3.9061, 15.92488, 4.20657], "texture": "#0"},
				"east": {"uv": [11.11737, 3.9061, 15.92488, 4.20657], "texture": "#0"},
				"south": {"uv": [11.11737, 3.9061, 15.92488, 4.20657], "texture": "#0"},
				"west": {"uv": [11.11737, 3.9061, 15.92488, 4.20657], "texture": "#0"},
				"up": {"uv": [4.80751, 11.71831, 0, 6.9108], "texture": "#0"},
				"down": {"uv": [9.61502, 6.9108, 4.80751, 11.71831], "texture": "#0"}
			}
		},
		{
			"from": [2, 9, 0],
			"to": [6, 10, 4],
			"faces": {
				"north": {"uv": [11.11737, 5.40845, 12.31925, 5.70892], "texture": "#0"},
				"east": {"uv": [11.11737, 5.40845, 12.31925, 5.70892], "texture": "#0"},
				"south": {"uv": [11.11737, 5.40845, 12.31925, 5.70892], "texture": "#0"},
				"west": {"uv": [11.11737, 5.40845, 12.31925, 5.70892], "texture": "#0"},
				"up": {"uv": [12.31925, 5.40845, 11.11737, 4.20657], "texture": "#0"}
			}
		},
		{
			"from": [11.9, 9, 0.9],
			"to": [14.1, 9.5, 3.1],
			"faces": {
				"north": {"uv": [13.14554, 6.38498, 13.8216, 6.53521], "texture": "#0"},
				"east": {"uv": [13.14554, 6.68545, 13.8216, 6.83568], "texture": "#0"},
				"south": {"uv": [13.14554, 6.68545, 13.8216, 6.83568], "texture": "#0"},
				"west": {"uv": [13.14554, 6.38498, 13.8216, 6.53521], "texture": "#0"},
				"up": {"uv": [13.29577, 6.38498, 12.61972, 5.70892], "texture": "#0"}
			}
		},
		{
			"from": [9.1, 9.5, 1.1],
			"to": [10.9, 9.7, 2.9],
			"faces": {
				"north": {"uv": [13.52113, 5.10798, 14.04695, 5.1831], "texture": "#0"},
				"east": {"uv": [13.52113, 5.1831, 14.04695, 5.25822], "texture": "#0"},
				"south": {"uv": [13.52113, 5.33333, 14.04695, 5.40845], "texture": "#0"},
				"west": {"uv": [13.52113, 5.25822, 14.04695, 5.33333], "texture": "#0"},
				"up": {"uv": [13.52113, 5.6338, 12.99531, 5.10798], "texture": "#0"}
			}
		},
		{
			"from": [8.9, 9, 0.9],
			"to": [11.1, 9.5, 3.1],
			"faces": {
				"north": {"uv": [12.31925, 5.25822, 12.99531, 5.40845], "texture": "#0"},
				"east": {"uv": [12.31925, 5.40845, 12.99531, 5.55869], "texture": "#0"},
				"south": {"uv": [12.31925, 5.48357, 12.99531, 5.6338], "texture": "#0"},
				"west": {"uv": [12.31925, 5.10798, 12.99531, 5.25822], "texture": "#0"},
				"up": {"uv": [13.97183, 6.38498, 13.29577, 5.70892], "texture": "#0"}
			}
		},
		{
			"from": [12.1, 9.5, 1.1],
			"to": [13.9, 9.7, 2.9],
			"faces": {
				"north": {"uv": [11.11737, 6.61033, 11.64319, 6.68545], "texture": "#0"},
				"east": {"uv": [11.11737, 6.76056, 11.64319, 6.83568], "texture": "#0"},
				"south": {"uv": [11.11737, 6.76056, 11.64319, 6.83568], "texture": "#0"},
				"west": {"uv": [11.11737, 6.61033, 11.64319, 6.68545], "texture": "#0"},
				"up": {"uv": [13.14554, 6.9108, 12.61972, 6.38498], "texture": "#0"}
			}
		},
		{
			"from": [3.5, 9, 1.5],
			"to": [4.5, 12, 2.5],
			"faces": {
				"north": {"uv": [14.723, 7.81221, 15.02347, 8.71362], "texture": "#0"},
				"east": {"uv": [14.723, 7.81221, 15.02347, 8.71362], "texture": "#0"},
				"south": {"uv": [14.723, 7.81221, 15.02347, 8.71362], "texture": "#0"},
				"west": {"uv": [14.723, 7.81221, 15.02347, 8.71362], "texture": "#0"}
			}
		},
		{
			"from": [3, 12, 1],
			"to": [5, 14, 3],
			"faces": {
				"north": {"uv": [15.32394, 11.11737, 15.92488, 11.71831], "texture": "#0"},
				"east": {"uv": [14.723, 8.71362, 15.32394, 9.31455], "texture": "#0"},
				"south": {"uv": [14.723, 9.31455, 15.32394, 9.91549], "texture": "#0"},
				"west": {"uv": [14.723, 9.91549, 15.32394, 10.51643], "texture": "#0"},
				"up": {"uv": [15.32394, 11.11737, 14.723, 10.51643], "texture": "#0"},
				"down": {"uv": [15.32394, 11.11737, 14.723, 11.71831], "texture": "#0"}
			}
		},
		{
			"from": [2.8, 12.3, 0.8],
			"to": [5.2, 13.7, 3.2],
			"faces": {
				"north": {"uv": [13.67136, 11.11737, 14.42254, 11.56808], "texture": "#0"},
				"east": {"uv": [12.92019, 11.11737, 13.67136, 11.56808], "texture": "#0"},
				"south": {"uv": [12.16901, 11.11737, 12.92019, 11.56808], "texture": "#0"},
				"west": {"uv": [11.41784, 11.11737, 12.16901, 11.56808], "texture": "#0"},
				"up": {"uv": [11.86854, 6.46009, 11.11737, 5.70892], "texture": "#0"},
				"down": {"uv": [12.61972, 5.70892, 11.86854, 6.46009], "texture": "#0"}
			}
		}
	],
	"display": {
		"thirdperson_righthand": {
			"rotation": [78, 0, 0],
			"scale": [0.53, 0.53, 0.53]
		},
		"thirdperson_lefthand": {
			"rotation": [78, 0, 0],
			"scale": [0.53, 0.53, 0.53]
		},
		"firstperson_righthand": {
			"rotation": [0, 180, 0],
			"scale": [0.53, 0.53, 0.53]
		},
		"firstperson_lefthand": {
			"rotation": [0, 180, 0],
			"scale": [0.53, 0.53, 0.53]
		},
		"ground": {
			"translation": [0, 4.25, 0]
		},
		"gui": {
			"rotation": [0, 180, 0]
		},
		"head": {
			"translation": [0, -31, 0],
			"scale": [1.51, 1.51, 1.51]
		}
	},
	"groups": [
		0,
		1,
		{
			"name": "group",
			"origin": [0, 0, 0],
			"color": 0,
			"children": [2, 3, 4, 5, 6, 7, 8, 9, 10, 11, 12, 13, 14, 15, 16, 17, 18]
		}
	]
}