{
	"credit": "",
	"texture_size": [39, 39],
	"textures": {
		"0": "vegastables/roulette",
		"particle": "vegastables/roulette"
	},
	"elements": [
		{
			"from": [1, 0, 1],
			"to": [15, 1, 15],
			"faces": {
				"north": {"uv": [6.5641, 0, 6.97436, 0.41026], "texture": "#0"},
				"east": {"uv": [6.5641, 0, 6.97436, 0.41026], "texture": "#0"},
				"south": {"uv": [6.5641, 0, 6.97436, 0.41026], "texture": "#0"},
				"west": {"uv": [6.5641, 0, 6.97436, 0.41026], "texture": "#0"},
				"up": {"uv": [6.97436, 0.41026, 6.5641, 0], "texture": "#0"},
				"down": {"uv": [6.97436, 0, 6.5641, 0.41026], "texture": "#0"}
			}
		},
		{
			"from": [2, 1, 2],
			"to": [14, 8, 14],
			"faces": {
				"north": {"uv": [0, 6.5641, 4.92308, 9.4359], "texture": "#0"},
				"east": {"uv": [0, 6.5641, 4.92308, 9.4359], "texture": "#0"},
				"south": {"uv": [0, 6.5641, 4.92308, 9.4359], "texture": "#0"},
				"west": {"uv": [0, 6.5641, 4.92308, 9.4359], "texture": "#0"}
			}
		},
		{
			"from": [1, 7, 1],
			"to": [15, 8, 15],
			"faces": {
				"north": {"uv": [6.5641, 0, 6.97436, 0.41026], "texture": "#0"},
				"east": {"uv": [6.5641, 0, 6.97436, 0.41026], "texture": "#0"},
				"south": {"uv": [6.5641, 0, 6.97436, 0.41026], "texture": "#0"},
				"west": {"uv": [6.5641, 0, 6.97436, 0.41026], "texture": "#0"},
				"down": {"uv": [6.97436, 0, 6.5641, 0.41026], "texture": "#0"}
			}
		},
		{
			"from": [-0.3, 8, -0.3],
			"to": [16.3, 9, 16.3],
			"faces": {
				"north": {"uv": [0, 0, 6.5641, 0.41026], "texture": "#0"},
				"east": {"uv": [0, 0, 6.5641, 0.41026], "texture": "#0"},
				"south": {"uv": [0, 0, 6.5641, 0.41026], "texture": "#0"},
				"west": {"uv": [0, 0, 6.5641, 0.41026], "texture": "#0"},
				"up": {"uv": [6.5641, 6.5641, 0, 0], "texture": "#0"},
				"down": {"uv": [6.5641, 0, 0, 6.5641], "texture": "#0"}
			}
		},
		{
			"from": [4.2, 8.4, 4.2],
			"to": [11.8, 10.5, 11.8],
			"faces": {
				"up": {"uv": [9.84615, 3.69231, 6.5641, 0.41026], "texture": "#0"}
			}
		},
		{
			"from": [6.3, 8.4, 6.3],
			"to": [9.7, 10.8, 9.7],
			"faces": {
				"north": {"uv": [6.97436, 0, 7.38462, 0.41026], "texture": "#0"},
				"east": {"uv": [6.97436, 0, 7.38462, 0.41026], "texture": "#0"},
				"south": {"uv": [6.97436, 0, 7.38462, 0.41026], "texture": "#0"},
				"west": {"uv": [6.97436, 0, 7.38462, 0.41026], "texture": "#0"},
				"up": {"uv": [7.38462, 0.41026, 6.97436, 0], "texture": "#0"}
			}
		},
		{
			"from": [7.3, 8.4, 7.3],
			"to": [8.7, 12.8, 8.7],
			"faces": {
				"north": {"uv": [7.38462, 0, 7.79487, 0.41026], "texture": "#0"},
				"east": {"uv": [7.38462, 0, 7.79487, 0.41026], "texture": "#0"},
				"south": {"uv": [7.38462, 0, 7.79487, 0.41026], "texture": "#0"},
				"west": {"uv": [7.38462, 0, 7.79487, 0.41026], "texture": "#0"},
				"up": {"uv": [7.79487, 0.41026, 7.38462, 0], "texture": "#0"}
			}
		},
		{
			"from": [7.5, 12.8, 7.5],
			"to": [8.5, 15.2, 8.5],
			"faces": {
				"north": {"uv": [7.38462, 0, 7.79487, 0.41026], "texture": "#0"},
				"east": {"uv": [7.38462, 0, 7.79487, 0.41026], "texture": "#0"},
				"south": {"uv": [7.38462, 0, 7.79487, 0.41026], "texture": "#0"},
				"west": {"uv": [7.38462, 0, 7.79487, 0.41026], "texture": "#0"}
			}
		},
		{
			"from": [8.5, 14.2, 7.8],
			"to": [11.8, 14.6, 8.2],
			"faces": {
				"north": {"uv": [7.38462, 0, 7.79487, 0.41026], "texture": "#0"},
				"east": {"uv": [6.97436, 0, 7.38462, 0.41026], "texture": "#0"},
				"south": {"uv": [7.38462, 0, 7.79487, 0.41026], "texture": "#0"},
				"up": {"uv": [7.79487, 0.41026, 7.38462, 0], "texture": "#0"},
				"down": {"uv": [7.79487, 0, 7.38462, 0.41026], "texture": "#0"}
			}
		},
		{
			"from": [4.2, 14, 7.6],
			"to": [5.1, 14.8, 8.4],
			"faces": {
				"north": {"uv": [6.97436, 0, 7.38462, 0.41026], "texture": "#0"},
				"east": {"uv": [6.97436, 0, 7.38462, 0.41026], "texture": "#0"},
				"south": {"uv": [6.97436, 0, 7.38462, 0.41026], "texture": "#0"},
				"west": {"uv": [6.97436, 0, 7.38462, 0.41026], "texture": "#0"},
				"up": {"uv": [7.38462, 0.41026, 6.97436, 0], "texture": "#0"},
				"down": {"uv": [7.38462, 0, 6.97436, 0.41026], "texture": "#0"}
			}
		},
		{
			"from": [4.2, 14.2, 7.8],
			"to": [7.5, 14.6, 8.2],
			"faces": {
				"north": {"uv": [7.38462, 0, 7.79487, 0.41026], "texture": "#0"},
				"south": {"uv": [7.38462, 0, 7.79487, 0.41026], "texture": "#0"},
				"west": {"uv": [6.97436, 0, 7.38462, 0.41026], "texture": "#0"},
				"up": {"uv": [7.79487, 0.41026, 7.38462, 0], "texture": "#0"},
				"down": {"uv": [7.79487, 0, 7.38462, 0.41026], "texture": "#0"}
			}
		},
		{
			"from": [7.6, 14, 4.2],
			"to": [8.4, 14.8, 5.1],
			"faces": {
				"north": {"uv": [6.97436, 0, 7.38462, 0.41026], "texture": "#0"},
				"east": {"uv": [6.97436, 0, 7.38462, 0.41026], "texture": "#0"},
				"south": {"uv": [6.97436, 0, 7.38462, 0.41026], "texture": "#0"},
				"west": {"uv": [6.97436, 0, 7.38462, 0.41026], "texture": "#0"},
				"up": {"uv": [7.38462, 0.41026, 6.97436, 0], "texture": "#0"},
				"down": {"uv": [7.38462, 0, 6.97436, 0.41026], "texture": "#0"}
			}
		},
		{
			"from": [7.8, 14.2, 4.2],
			"to": [8.2, 14.6, 7.5],
			"faces": {
				"north": {"uv": [6.97436, 0, 7.38462, 0.41026], "texture": "#0"},
				"east": {"uv": [7.38462, 0, 7.79487, 0.41026], "texture": "#0"},
				"south": {"uv": [6.97436, 0, 7.38462, 0.41026], "texture": "#0"},
				"west": {"uv": [7.38462, 0, 7.79487, 0.41026], "texture": "#0"},
				"up": {"uv": [7.79487, 0.41026, 7.38462, 0], "texture": "#0"},
				"down": {"uv": [7.79487, 0, 7.38462, 0.41026], "texture": "#0"}
			}
		},
		{
			"from": [7.6, 14, 10.9],
			"to": [8.4, 14.8, 11.8],
			"faces": {
				"north": {"uv": [6.97436, 0, 7.38462, 0.41026], "texture": "#0"},
				"east": {"uv": [6.97436, 0, 7.38462, 0.41026], "texture": "#0"},
				"south": {"uv": [6.97436, 0, 7.38462, 0.41026], "texture": "#0"},
				"west": {"uv": [6.97436, 0, 7.38462, 0.41026], "texture": "#0"},
				"up": {"uv": [7.38462, 0.41026, 6.97436, 0], "texture": "#0"},
				"down": {"uv": [7.38462, 0, 6.97436, 0.41026], "texture": "#0"}
			}
		},
		{
			"from": [7.8, 14.2, 8.5],
			"to": [8.2, 14.6, 11.8],
			"faces": {
				"east": {"uv": [7.38462, 0, 7.79487, 0.41026], "texture": "#0"},
				"south": {"uv": [7.38462, 0, 7.79487, 0.41026], "texture": "#0"},
				"west": {"uv": [7.38462, 0, 7.79487, 0.41026], "texture": "#0"},
				"up": {"uv": [7.79487, 0.41026, 7.38462, 0], "texture": "#0"},
				"down": {"uv": [7.79487, 0, 7.38462, 0.41026], "texture": "#0"}
			}
		},
		{
			"from": [10.9, 14, 7.6],
			"to": [11.8, 14.8, 8.4],
			"faces": {
				"north": {"uv": [6.97436, 0, 7.38462, 0.41026], "texture": "#0"},
				"east": {"uv": [6.97436, 0, 7.38462, 0.41026], "texture": "#0"},
				"south": {"uv": [6.97436, 0, 7.38462, 0.41026], "texture": "#0"},
				"west": {"uv": [6.97436, 0, 7.38462, 0.41026], "texture": "#0"},
				"up": {"uv": [7.38462, 0.41026, 6.97436, 0], "texture": "#0"},
				"down": {"uv": [7.38462, 0, 6.97436, 0.41026], "texture": "#0"}
			}
		},
		{
			"from": [7.3, 15.2, 7.3],
			"to": [8.7, 16.6, 8.7],
			"faces": {
				"north": {"uv": [6.97436, 0, 7.38462, 0.41026], "texture": "#0"},
				"east": {"uv": [6.97436, 0, 7.38462, 0.41026], "texture": "#0"},
				"south": {"uv": [6.97436, 0, 7.38462, 0.41026], "texture": "#0"},
				"west": {"uv": [6.97436, 0, 7.38462, 0.41026], "texture": "#0"},
				"up": {"uv": [7.38462, 0.41026, 6.97436, 0], "texture": "#0"},
				"down": {"uv": [7.38462, 0, 6.97436, 0.41026], "texture": "#0"}
			}
		},
		{
			"from": [0, 9, 14],
			"to": [16, 14, 16],
			"faces": {
				"north": {"uv": [9.84615, 0, 16, 2.05128], "texture": "#0"},
				"east": {"uv": [14.35897, 2.05128, 15.17949, 4.10256], "texture": "#0"},
				"south": {"uv": [9.84615, 2.05128, 16, 4.10256], "texture": "#0"},
				"west": {"uv": [14.35897, 2.05128, 15.17949, 4.10256], "texture": "#0"},
				"up": {"uv": [16, 4.92308, 9.84615, 4.10256], "texture": "#0"}
			}
		},
		{
			"from": [0, 9, 0],
			"to": [16, 14, 2],
			"faces": {
				"north": {"uv": [9.84615, 4.92308, 16, 6.97436], "texture": "#0"},
				"east": {"uv": [13.53846, 2.05128, 14.35897, 4.10256], "texture": "#0"},
				"south": {"uv": [9.84615, 0, 16, 2.05128], "texture": "#0"},
				"west": {"uv": [13.53846, 2.05128, 14.35897, 4.10256], "texture": "#0"},
				"up": {"uv": [16, 7.79487, 9.84615, 6.97436], "texture": "#0"},
				"down": {"uv": [16, 6.97436, 9.84615, 7.79487], "texture": "#0"}
			}
		},
		{
			"from": [14, 9, 2],
			"to": [16, 14, 14],
			"faces": {
				"east": {"uv": [10.25641, 2.05128, 15.17949, 4.10256], "texture": "#0"},
				"west": {"uv": [10.25641, 0, 15.17949, 2.05128], "texture": "#0"},
				"up": {"uv": [16, 7.79487, 11.07692, 6.97436], "rotation": 90, "texture": "#0"}
			}
		},
		{
			"from": [0, 9, 2],
			"to": [2, 14, 14],
			"faces": {
				"east": {"uv": [10.66667, 0, 15.58974, 2.05128], "texture": "#0"},
				"west": {"uv": [11.07692, 2.05128, 16, 4.10256], "texture": "#0"},
				"up": {"uv": [15.17949, 7.79487, 10.25641, 6.97436], "rotation": 270, "texture": "#0"}
			}
		},
		{
			"from": [9, 2, 2],
			"to": [10.7, 8, 14],
			"rotation": {"angle": 45, "axis": "z", "origin": [0, 0, 0]},
			"faces": {
				"east": {"uv": [4.92308, 6.5641, 9.84615, 9.02564], "texture": "#0"}
			}
		},
		{
			"from": [13.3, -2.3, 2],
			"to": [19.3, -0.6, 14],
			"rotation": {"angle": 45, "axis": "z", "origin": [0, 0, 0]},
			"faces": {
				"up": {"uv": [4.92308, 6.5641, 9.84615, 9.02564], "rotation": 90, "texture": "#0"}
			}
		},
		{
			"from": [2, -2.3, 13.3],
			"to": [14, -0.6, 19.3],
			"rotation": {"angle": -45, "axis": "x", "origin": [0, 0, 0]},
			"faces": {
				"up": {"uv": [14.76923, 10.25641, 9.84615, 7.79487], "texture": "#0"}
			}
		},
		{
			"from": [2, 9, -8],
			"to": [14, 10.7, -2],
			"rotation": {"angle": 45, "axis": "x", "origin": [0, 0, 0]},
			"faces": {
				"up": {"uv": [14.76923, 10.25641, 9.84615, 7.79487], "rotation": 180, "texture": "#0"}
			}
		},
		{
			"from": [0, 0, 0],
			"to": [2, 8, 2],
			"faces": {
				"north": {"uv": [4.10256, 9.4359, 3.28205, 12.71795], "texture": "#0"},
				"east": {"uv": [4.10256, 9.4359, 4.92308, 12.71795], "texture": "#0"},
				"south": {"uv": [1.64103, 9.4359, 2.46154, 12.71795], "texture": "#0"},
				"west": {"uv": [3.28205, 9.4359, 4.10256, 12.71795], "texture": "#0"}
			}
		},
		{
			"from": [-0.5, 0, -0.5],
			"to": [2.5, 1, 2.5],
			"faces": {
				"north": {"uv": [6.5641, 0, 6.97436, 0.41026], "texture": "#0"},
				"east": {"uv": [6.5641, 0, 6.97436, 0.41026], "texture": "#0"},
				"south": {"uv": [6.5641, 0, 6.97436, 0.41026], "texture": "#0"},
				"west": {"uv": [6.5641, 0, 6.97436, 0.41026], "texture": "#0"},
				"up": {"uv": [6.97436, 0.41026, 6.5641, 0], "texture": "#0"},
				"down": {"uv": [6.97436, 0, 6.5641, 0.41026], "texture": "#0"}
			}
		},
		{
			"from": [14, 0, 0],
			"to": [16, 8, 2],
			"faces": {
				"north": {"uv": [4.10256, 9.4359, 4.92308, 12.71795], "texture": "#0"},
				"east": {"uv": [4.10256, 9.4359, 3.28205, 12.71795], "texture": "#0"},
				"south": {"uv": [4.10256, 9.4359, 4.92308, 12.71795], "texture": "#0"},
				"west": {"uv": [1.64103, 9.4359, 2.46154, 12.71795], "texture": "#0"}
			}
		},
		{
			"from": [13.5, 0, 13.5],
			"to": [16.5, 1, 16.5],
			"faces": {
				"north": {"uv": [6.5641, 0, 6.97436, 0.41026], "texture": "#0"},
				"east": {"uv": [6.5641, 0, 6.97436, 0.41026], "texture": "#0"},
				"south": {"uv": [6.5641, 0, 6.97436, 0.41026], "texture": "#0"},
				"west": {"uv": [6.5641, 0, 6.97436, 0.41026], "texture": "#0"},
				"up": {"uv": [6.97436, 0.41026, 6.5641, 0], "texture": "#0"},
				"down": {"uv": [6.97436, 0, 6.5641, 0.41026], "texture": "#0"}
			}
		},
		{
			"from": [0, 0, 14],
			"to": [2, 8, 16],
			"faces": {
				"north": {"uv": [1.64103, 9.4359, 2.46154, 12.71795], "texture": "#0"},
				"east": {"uv": [2.46154, 9.4359, 1.64103, 12.71795], "texture": "#0"},
				"south": {"uv": [3.28205, 9.4359, 4.10256, 12.71795], "texture": "#0"},
				"west": {"uv": [4.10256, 9.4359, 4.92308, 12.71795], "texture": "#0"}
			}
		},
		{
			"from": [-0.5, 0, 13.5],
			"to": [2.5, 1, 16.5],
			"faces": {
				"north": {"uv": [6.5641, 0, 6.97436, 0.41026], "texture": "#0"},
				"east": {"uv": [6.5641, 0, 6.97436, 0.41026], "texture": "#0"},
				"south": {"uv": [6.5641, 0, 6.97436, 0.41026], "texture": "#0"},
				"west": {"uv": [6.5641, 0, 6.97436, 0.41026], "texture": "#0"},
				"up": {"uv": [6.97436, 0.41026, 6.5641, 0], "texture": "#0"},
				"down": {"uv": [6.97436, 0, 6.5641, 0.41026], "texture": "#0"}
			}
		},
		{
			"from": [14, 0, 14],
			"to": [16, 8, 16],
			"faces": {
				"north": {"uv": [2.46154, 9.4359, 1.64103, 12.71795], "texture": "#0"},
				"east": {"uv": [4.92308, 9.4359, 4.10256, 12.71795], "texture": "#0"},
				"south": {"uv": [4.10256, 9.4359, 3.28205, 12.71795], "texture": "#0"},
				"west": {"uv": [1.64103, 9.4359, 2.46154, 12.71795], "texture": "#0"}
			}
		},
		{
			"from": [13.5, 0, -0.5],
			"to": [16.5, 1, 2.5],
			"faces": {
				"north": {"uv": [6.5641, 0, 6.97436, 0.41026], "texture": "#0"},
				"east": {"uv": [6.5641, 0, 6.97436, 0.41026], "texture": "#0"},
				"south": {"uv": [6.5641, 0, 6.97436, 0.41026], "texture": "#0"},
				"west": {"uv": [6.5641, 0, 6.97436, 0.41026], "texture": "#0"},
				"up": {"uv": [6.97436, 0.41026, 6.5641, 0], "texture": "#0"},
				"down": {"uv": [6.97436, 0, 6.5641, 0.41026], "texture": "#0"}
			}
		},
		{
			"from": [4, 1, 14],
			"to": [6, 7, 15],
			"faces": {
				"east": {"uv": [6.5641, 3.69231, 6.97436, 6.15385], "texture": "#0"},
				"south": {"uv": [6.5641, 3.69231, 7.38462, 6.15385], "texture": "#0"},
				"west": {"uv": [6.97436, 3.69231, 7.38462, 6.15385], "texture": "#0"}
			}
		},
		{
			"from": [10, 1, 14],
			"to": [12, 7, 15],
			"faces": {
				"east": {"uv": [6.5641, 3.69231, 6.97436, 6.15385], "texture": "#0"},
				"south": {"uv": [6.5641, 3.69231, 7.38462, 6.15385], "texture": "#0"},
				"west": {"uv": [6.97436, 3.69231, 7.38462, 6.15385], "texture": "#0"}
			}
		},
		{
			"from": [1, 1, 4],
			"to": [2, 7, 6],
			"faces": {
				"north": {"uv": [6.5641, 3.69231, 6.97436, 6.15385], "texture": "#0"},
				"south": {"uv": [6.97436, 3.69231, 7.38462, 6.15385], "texture": "#0"},
				"west": {"uv": [6.5641, 3.69231, 7.38462, 6.15385], "texture": "#0"}
			}
		},
		{
			"from": [1, 1, 10],
			"to": [2, 7, 12],
			"faces": {
				"north": {"uv": [6.5641, 3.69231, 6.97436, 6.15385], "texture": "#0"},
				"south": {"uv": [6.97436, 3.69231, 7.38462, 6.15385], "texture": "#0"},
				"west": {"uv": [6.5641, 3.69231, 7.38462, 6.15385], "texture": "#0"}
			}
		},
		{
			"from": [10, 1, 1],
			"to": [12, 7, 2],
			"faces": {
				"north": {"uv": [6.5641, 3.69231, 7.38462, 6.15385], "texture": "#0"},
				"east": {"uv": [6.5641, 3.69231, 6.97436, 6.15385], "texture": "#0"},
				"west": {"uv": [6.97436, 3.69231, 7.38462, 6.15385], "texture": "#0"}
			}
		},
		{
			"from": [4, 1, 1],
			"to": [6, 7, 2],
			"faces": {
				"north": {"uv": [6.5641, 3.69231, 7.38462, 6.15385], "texture": "#0"},
				"east": {"uv": [6.5641, 3.69231, 6.97436, 6.15385], "texture": "#0"},
				"west": {"uv": [6.97436, 3.69231, 7.38462, 6.15385], "texture": "#0"}
			}
		},
		{
			"from": [14, 1, 10],
			"to": [15, 7, 12],
			"faces": {
				"north": {"uv": [6.97436, 3.69231, 7.38462, 6.15385], "texture": "#0"},
				"east": {"uv": [6.5641, 3.69231, 7.38462, 6.15385], "texture": "#0"},
				"south": {"uv": [6.5641, 3.69231, 6.97436, 6.15385], "texture": "#0"}
			}
		},
		{
			"from": [14, 1, 4],
			"to": [15, 7, 6],
			"faces": {
				"north": {"uv": [6.97436, 3.69231, 7.38462, 6.15385], "texture": "#0"},
				"east": {"uv": [6.5641, 3.69231, 7.38462, 6.15385], "texture": "#0"},
				"south": {"uv": [6.5641, 3.69231, 6.97436, 6.15385], "texture": "#0"}
			}
		}
	],
	"display": {
		"thirdperson_righthand": {
			"rotation": [16.25, 0, 0],
			"scale": [0.57, 0.57, 0.57]
		},
		"thirdperson_lefthand": {
			"scale": [0.57, 0.57, 0.57]
		},
		"firstperson_righthand": {
			"scale": [0.57, 0.57, 0.57]
		},
		"firstperson_lefthand": {
			"scale": [0.57, 0.57, 0.57]
		},
		"ground": {
			"translation": [0, 4.5, 0]
		},
		"gui": {
			"rotation": [90, 0, 0],
			"scale": [0.94, 0.94, 0.94]
		},
		"head": {
			"translation": [0, -31.25, 0],
			"scale": [1.49, 1.49, 1.49]
		},
		"fixed": {
			"rotation": [-90, 0, 0]
		}
	},
	"groups": [
		{
			"name": "group",
			"origin": [0, 0, 0],
			"color": 0,
			"children": [0, 1, 2, 3, 4, 5, 6, 7, 8, 9, 10, 11, 12, 13, 14, 15, 16, 17, 18, 19, 20, 21, 22, 23, 24, 25, 26, 27, 28, 29, 30, 31, 32, 33, 34, 35, 36, 37, 38, 39, 40]
		}
	]
}