{
	"credit": "",
	"texture_size": [32, 32],
	"textures": {
		"0": "vegastables/stairs",
		"1": "vegastables/stairs_anim",
		"particle": "vegastables/stairs"
	},
	"elements": [
		{
			"from": [1, 16, 0],
			"to": [1, 32, 11],
			"faces": {
				"west": {"uv": [0, 0, 11, 16], "texture": "#1"}
			}
		},
		{
			"from": [0.5, 0, 11],
			"to": [15.5, 32, 12],
			"faces": {
				"east": {"uv": [0.92754, 7.42029, 1.15942, 14.84058], "texture": "#0"},
				"west": {"uv": [0.92754, 7.42029, 1.15942, 14.84058], "texture": "#0"},
				"up": {"uv": [1.15942, 10.89855, 0.92754, 7.42029], "rotation": 90, "texture": "#0"},
				"down": {"uv": [0.92754, 10.89855, 1.15942, 7.42029], "rotation": 90, "texture": "#0"}
			}
		},
		{
			"from": [0, 0, 0],
			"to": [16, 16, 11],
			"faces": {
				"north": {"uv": [3.47826, 7.42029, 7.18841, 11.13043], "texture": "#0"},
				"east": {"uv": [10.89855, 7.42029, 13.44928, 11.13043], "texture": "#0"},
				"south": {"uv": [7.18841, 7.42029, 10.89855, 11.13043], "texture": "#0"},
				"west": {"uv": [3.47826, 11.13043, 6.02899, 14.84058], "texture": "#0"},
				"up": {"uv": [9.73913, 13.68116, 6.02899, 11.13043], "texture": "#0"},
				"down": {"uv": [13.44928, 11.13043, 9.73913, 13.68116], "texture": "#0"}
			}
		},
		{
			"from": [-0.6, 12.6, 1.3],
			"to": [0, 14.2, 2.9],
			"faces": {
				"north": {"uv": [1.62319, 13.91304, 1.73913, 14.26087], "texture": "#0"},
				"south": {"uv": [1.73913, 13.91304, 1.85507, 14.26087], "texture": "#0"},
				"west": {"uv": [1.85507, 13.91304, 2.2029, 14.26087], "texture": "#0"},
				"up": {"uv": [1.73913, 13.91304, 1.62319, 14.26087], "texture": "#0"},
				"down": {"uv": [1.85507, 13.91304, 1.73913, 14.26087], "texture": "#0"}
			}
		},
		{
			"from": [-0.4, 12.5, 1.2],
			"to": [0, 14.3, 3],
			"faces": {
				"north": {"uv": [2.02899, 14.26087, 2.14493, 14.66667], "texture": "#0"},
				"south": {"uv": [2.26087, 14.66667, 2.14493, 14.26087], "texture": "#0"},
				"west": {"uv": [1.62319, 14.26087, 2.02899, 14.66667], "texture": "#0"},
				"up": {"uv": [2.14493, 14.26087, 2.02899, 14.66667], "texture": "#0"},
				"down": {"uv": [2.26087, 14.26087, 2.14493, 14.66667], "texture": "#0"}
			}
		},
		{
			"from": [-0.6, 12.6, 3.6],
			"to": [0, 14.2, 5.2],
			"faces": {
				"north": {"uv": [1.62319, 13.91304, 1.73913, 14.26087], "texture": "#0"},
				"south": {"uv": [1.73913, 13.91304, 1.85507, 14.26087], "texture": "#0"},
				"west": {"uv": [1.85507, 13.91304, 2.2029, 14.26087], "texture": "#0"},
				"up": {"uv": [1.73913, 13.91304, 1.62319, 14.26087], "texture": "#0"},
				"down": {"uv": [1.85507, 13.91304, 1.73913, 14.26087], "texture": "#0"}
			}
		},
		{
			"from": [-0.4, 12.5, 3.5],
			"to": [0, 14.3, 5.3],
			"faces": {
				"north": {"uv": [2.02899, 14.26087, 2.14493, 14.66667], "texture": "#0"},
				"south": {"uv": [2.26087, 14.26087, 2.14493, 14.66667], "texture": "#0"},
				"west": {"uv": [1.62319, 14.26087, 2.02899, 14.66667], "texture": "#0"},
				"up": {"uv": [2.14493, 14.26087, 2.02899, 14.66667], "texture": "#0"},
				"down": {"uv": [2.26087, 14.26087, 2.14493, 14.66667], "texture": "#0"}
			}
		},
		{
			"from": [-0.6, 12.6, 5.9],
			"to": [0, 14.2, 7.5],
			"faces": {
				"north": {"uv": [1.62319, 13.91304, 1.73913, 14.26087], "texture": "#0"},
				"south": {"uv": [1.73913, 13.91304, 1.85507, 14.26087], "texture": "#0"},
				"west": {"uv": [1.85507, 13.91304, 2.2029, 14.26087], "texture": "#0"},
				"up": {"uv": [1.73913, 13.91304, 1.62319, 14.26087], "texture": "#0"},
				"down": {"uv": [1.85507, 13.91304, 1.73913, 14.26087], "texture": "#0"}
			}
		},
		{
			"from": [-0.4, 12.5, 5.8],
			"to": [0, 14.3, 7.6],
			"faces": {
				"north": {"uv": [2.02899, 14.26087, 2.14493, 14.66667], "texture": "#0"},
				"south": {"uv": [2.26087, 14.26087, 2.14493, 14.66667], "texture": "#0"},
				"west": {"uv": [1.62319, 14.26087, 2.02899, 14.66667], "texture": "#0"},
				"up": {"uv": [2.14493, 14.26087, 2.02899, 14.66667], "texture": "#0"},
				"down": {"uv": [2.26087, 14.26087, 2.14493, 14.66667], "texture": "#0"}
			}
		},
		{
			"from": [-0.6, 12.6, 8.1],
			"to": [0, 14.2, 9.7],
			"faces": {
				"north": {"uv": [1.62319, 13.91304, 1.73913, 14.26087], "texture": "#0"},
				"south": {"uv": [1.73913, 13.91304, 1.85507, 14.26087], "texture": "#0"},
				"west": {"uv": [1.85507, 13.91304, 2.2029, 14.26087], "texture": "#0"},
				"up": {"uv": [1.73913, 13.91304, 1.62319, 14.26087], "texture": "#0"},
				"down": {"uv": [1.85507, 13.91304, 1.73913, 14.26087], "texture": "#0"}
			}
		},
		{
			"from": [-0.4, 12.5, 8],
			"to": [0, 14.3, 9.8],
			"faces": {
				"north": {"uv": [2.02899, 14.26087, 2.14493, 14.66667], "texture": "#0"},
				"south": {"uv": [2.26087, 14.26087, 2.14493, 14.66667], "texture": "#0"},
				"west": {"uv": [1.62319, 14.26087, 2.02899, 14.66667], "texture": "#0"},
				"up": {"uv": [2.14493, 14.26087, 2.02899, 14.66667], "texture": "#0"},
				"down": {"uv": [2.26087, 14.26087, 2.14493, 14.66667], "texture": "#0"}
			}
		},
		{
			"from": [1, 16, 0],
			"to": [16, 32, 11],
			"faces": {
				"north": {"uv": [7.42029, 0, 10.89855, 3.71014], "texture": "#0"},
				"east": {"uv": [13.44928, 7.42029, 16, 11.13043], "texture": "#0"},
				"south": {"uv": [7.42029, 3.71014, 10.89855, 7.42029], "texture": "#0"},
				"west": {"uv": [13.44928, 11.13043, 16, 14.84058], "texture": "#0"},
				"up": {"uv": [15.30435, 6.49275, 11.82609, 3.94203], "texture": "#0"},
				"down": {"uv": [12.98551, 13.68116, 9.50725, 16.23188], "texture": "#0"}
			}
		},
		{
			"from": [0, 16, 0],
			"to": [1, 32, 1],
			"faces": {
				"north": {"uv": [2.08696, 7.42029, 2.31884, 11.13043], "texture": "#0"},
				"south": {"uv": [2.31884, 7.42029, 2.55072, 11.13043], "texture": "#0"},
				"west": {"uv": [2.55072, 7.42029, 2.78261, 11.13043], "texture": "#0"},
				"up": {"uv": [2.43478, 14.14493, 2.2029, 13.91304], "texture": "#0"}
			}
		},
		{
			"from": [0, 30, 1],
			"to": [1, 32, 10],
			"faces": {
				"west": {"uv": [11.82609, 3.47826, 13.91304, 3.94203], "texture": "#0"},
				"up": {"uv": [1.50725, 11.13043, 1.73913, 13.21739], "texture": "#0"},
				"down": {"uv": [1.97101, 11.13043, 1.73913, 13.21739], "texture": "#0"}
			}
		},
		{
			"from": [0, 24, 1],
			"to": [1, 27, 10],
			"faces": {
				"west": {"uv": [11.82609, 2.78261, 13.91304, 3.47826], "texture": "#0"},
				"up": {"uv": [2.08696, 13.21739, 1.85507, 11.13043], "texture": "#0"},
				"down": {"uv": [2.02899, 11.13043, 1.7971, 13.21739], "texture": "#0"}
			}
		},
		{
			"from": [0, 16, 10],
			"to": [1, 32, 11],
			"faces": {
				"north": {"uv": [2.26087, 7.42029, 2.49275, 11.13043], "texture": "#0"},
				"south": {"uv": [1.15942, 11.13043, 1.3913, 14.84058], "texture": "#0"},
				"west": {"uv": [1.3913, 11.13043, 1.62319, 14.84058], "texture": "#0"},
				"up": {"uv": [2.43478, 13.91304, 2.2029, 14.14493], "texture": "#0"}
			}
		},
		{
			"from": [0, 0, 12],
			"to": [16, 32, 16],
			"faces": {
				"north": {"uv": [0, 0, 3.71014, 7.42029], "texture": "#0"},
				"east": {"uv": [10.89855, 0, 11.82609, 7.42029], "texture": "#0"},
				"south": {"uv": [3.71014, 0, 7.42029, 7.42029], "texture": "#0"},
				"west": {"uv": [0, 7.42029, 0.92754, 14.84058], "texture": "#0"},
				"up": {"uv": [2.08696, 11.13043, 1.15942, 7.42029], "rotation": 90, "texture": "#0"},
				"down": {"uv": [15.53623, 6.49275, 11.82609, 7.42029], "texture": "#0"}
			}
		},
		{
			"from": [7.6, 18, 12.7],
			"to": [9.6, 22, 15.3],
			"rotation": {"angle": 22.5, "axis": "z", "origin": [0, 0, 0]},
			"faces": {
				"north": {"uv": [2.78261, 13.21739, 2.31884, 13.91304], "texture": "#0"},
				"south": {"uv": [2.31884, 13.21739, 2.78261, 13.91304], "texture": "#0"},
				"west": {"uv": [1.62319, 13.21739, 2.31884, 13.91304], "texture": "#0"},
				"up": {"uv": [2.78261, 13.91304, 2.66667, 13.7971], "texture": "#0"}
			}
		}
	],
	"display": {
		"thirdperson_righthand": {
			"rotation": [6, -90, -48],
			"scale": [0.5, 0.5, 0.5]
		},
		"thirdperson_lefthand": {
			"rotation": [6, 90, 48],
			"scale": [0.5, 0.5, 0.5]
		},
		"firstperson_righthand": {
			"rotation": [0, 90, 0],
			"translation": [0, 0.5, -1],
			"scale": [0.5, 0.5, 0.5]
		},
		"firstperson_lefthand": {
			"rotation": [0, -90, 0],
			"translation": [0, 0.5, -1],
			"scale": [0.5, 0.5, 0.5]
		},
		"ground": {
			"translation": [0, 5, 0]
		},
		"gui": {
			"rotation": [0, 90, 0]
		},
		"head": {
			"rotation": [180, -90, 180],
			"translation": [0, -31.25, 0],
			"scale": [1.49, 1.49, 1.49]
		},
		"fixed": {
			"rotation": [0, -90, 0]
		}
	},
	"groups": [
		0,
		{
			"name": "group",
			"origin": [0, 0, 0],
			"color": 0,
			"children": [1, 2, 3, 4, 5, 6, 7, 8, 9, 10, 11, 12, 13, 14, 15, 16, 17]
		}
	]
}